word	language	count
하	ko	1166427
0	ko	1068401
이	ko	995330
의	ko	857226
다	ko	771926
는	ko	705979
ㄴ	ko	693594
에	ko	648754
을	ko	636656
은	ko	455520
아	ko	387525
를	ko	384313
되	ko	374047
았	ko	367714
었	ko	351889
고	ko	320825
년	ko	300335
있	ko	290408
가	ko	281672
으로	ko	268719
에서	ko	263611
로	ko	234996
어	ko	217343
과	ko	184696
ㄴ다	ko	177113
들	ko	170339
도	ko	150962
지	ko	146075
적	ko	140074
기	ko	136160
ㄹ	ko	127542
그	ko	126542
월	ko	119905
것	ko	106903
게	ko	104889
면	ko	100443
일	ko	98583
와	ko	94204
수	ko	82591
등	ko	78989
오	ko	71853
늘	ko	71288
으며	ko	67331
며	ko	66475
던	ko	58076
않	ko	51090
만	ko	45745
에게	ko	44386
대하	ko	41995
주	ko	41788
보	ko	40716
중	ko	40192
받	ko	39838
라고	ko	38348
자	ko	38209
때	ko	38181
위하	ko	37752
나	ko	36963
라는	ko	36761
지만	ko	35891
제	ko	35483
사용	ko	35272
는데	ko	34627
명	ko	34131
으나	ko	33957
이후	ko	33527
없	ko	33479
까지	ko	33106
후	ko	32791
말	ko	32773
같	ko	32498
부터	ko	32056
한	ko	31673
면서	ko	31290
아서	ko	30852
세	ko	30849
일본	ko	30307
성	ko	30297
두	ko	29670
개	ko	29657
번	ko	29066
때문	ko	28104
가지	ko	27804
시	ko	27570
라	ko	26602
의하	ko	26181
크	ko	25961
대	ko	25882
많	ko	25881
따르	ko	25398
미국	ko	25338
다고	ko	24953
ㅁ	ko	24821
그러나	ko	23839
사람	ko	23756
시키	ko	23626
전	ko	23286
경우	ko	23175
시작	ko	23083
지역	ko	23063
다른	ko	22919
현재	ko	22537
또한	ko	22450
고리	ko	22208
바깥	ko	22070
만들	ko	21545
및	ko	21541
당시	ko	21476
내	ko	21372
함께	ko	21345
다는	ko	20984
이름	ko	20957
대한민국	ko	20562
같이	ko	20228
아니	ko	19568
활동	ko	19230
가장	ko	19199
다음	ko	18860
자신	ko	18734
위	ko	18328
화	ko	18285
통하	ko	17651
어서	ko	17566
차	ko	17312
기록	ko	16942
뒤	ko	16723
주석	ko	16419
세계	ko	16277
보다	ko	15977
군	ko	15903
역사	ko	15880
한국	ko	15853
하나	ko	15763
더	ko	15660
못하	ko	15646
보이	ko	15486
그리고	ko	15333
쓰	ko	15304
이나	ko	15292
상	ko	15211
째	ko	15173
역	ko	15119
여러	ko	14810
또는	ko	14719
사건	ko	14673
국가	ko	14481
다시	ko	14478
위치	ko	13699
살	ko	13671
간	ko	13667
전쟁	ko	13618
팀	ko	13349
문제	ko	13287
알리	ko	13201
도시	ko	13080
사이	ko	13007
정부	ko	12991
로서	ko	12870
서	ko	12822
포함	ko	12573
중국	ko	12484
데	ko	12336
권	ko	12196
모두	ko	12113
는다	ko	12010
주장	ko	12001
모든	ko	11980
이용	ko	11777
경기	ko	11756
분류	ko	11713
세기	ko	11699
프랑스	ko	11654
다가	ko	11643
영국	ko	11591
이상	ko	11551
안	ko	11549
시대	ko	11449
리	ko	11432
가능	ko	11378
년대	ko	11341
정도	ko	11300
부르	ko	11287
존재	ko	11272
관련	ko	11242
형	ko	11206
일부	ko	11203
이러	ko	11196
일반	ko	11168
강	ko	11131
작품	ko	11097
관계	ko	11083
점	ko	11048
처음	ko	10835
인하	ko	10807
인	ko	10789
불리	ko	10756
독일	ko	10725
개발	ko	10610
하지만	ko	10572
게임	ko	10496
동안	ko	10490
호	ko	10478
약	ko	10477
발표	ko	10475
나오	ko	10470
대표	ko	10450
거나	ko	10406
정치	ko	10359
운동	ko	10353
대부분	ko	10300
알	ko	10262
비	ko	10115
현	ko	9953
시즌	ko	9846
사	ko	9837
남	ko	9834
첫	ko	9808
대통령	ko	9766
높	ko	9703
연구	ko	9687
또	ko	9642
뜻	ko	9593
도록	ko	9561
구성	ko	9528
시간	ko	9524
사망	ko	9508
아야	ko	9490
파일	ko	9456
사회	ko	9407
조선	ko	9381
여기	ko	9364
아들	ko	9352
곳	ko	9303
선수	ko	9301
로부터	ko	9295
길	ko	9270
계	ko	9265
왕	ko	9178
대학	ko	9178
회	ko	9159
얻	ko	9151
이것	ko	9118
주요	ko	9098
리그	ko	9085
방송	ko	9041
속	ko	9018
문화	ko	9001
전투	ko	8984
부	ko	8958
ㄴ다는	ko	8938
영화	ko	8858
당하	ko	8787
까	ko	8732
과정	ko	8732
계속	ko	8729
새롭	ko	8714
특히	ko	8711
음	ko	8706
원	ko	8653
결과	ko	8635
최초	ko	8630
신	ko	8603
제국	ko	8594
로마	ko	8592
의미	ko	8573
예	ko	8558
장	ko	8558
중심	ko	8551
지원	ko	8543
작	ko	8516
공격	ko	8477
사실	ko	8466
이루어지	ko	8441
조	ko	8423
각	ko	8421
영향	ko	8364
이전	ko	8338
경제	ko	8332
쓰이	ko	8286
죽	ko	8258
생각	ko	8212
선	ko	8178
일어나	ko	8148
기술	ko	8068
교육	ko	8032
곡	ko	7977
상태	ko	7971
으로서	ko	7927
보내	ko	7912
방법	ko	7894
언어	ko	7871
식	ko	7838
세우	ko	7798
음악	ko	7789
인구	ko	7775
나라	ko	7743
유럽	ko	7726
형태	ko	7688
지방	ko	7674
맡	ko	7674
타	ko	7627
당	ko	7578
구	ko	7555
집	ko	7546
발견	ko	7538
출신	ko	7536
부분	ko	7521
주로	ko	7508
많이	ko	7496
앨범	ko	7483
프로그램	ko	7427
매우	ko	7412
내용	ko	7399
발생	ko	7395
이르	ko	7387
결국	ko	7369
법	ko	7315
조직	ko	7280
한편	ko	7262
발매	ko	7262
계획	ko	7219
태어나	ko	7211
필요	ko	7204
용	ko	7175
섬	ko	7157
공식	ko	7143
참여	ko	7117
중요	ko	7116
러시아	ko	7111
별	ko	7095
외	ko	7094
자료	ko	7079
운영	ko	7078
결정	ko	7074
뿐	ko	7047
초기	ko	7046
독립	ko	7042
아버지	ko	6998
유명	ko	6975
설립	ko	6928
반대	ko	6894
그림	ko	6879
총	ko	6803
방식	ko	6767
감독	ko	6746
이유	ko	6726
구조	ko	6714
서울	ko	6687
처럼	ko	6664
발전	ko	6654
설치	ko	6647
학교	ko	6635
대회	ko	6622
분	ko	6620
등장	ko	6512
황제	ko	6505
초	ko	6489
바	ko	6452
ㄴ다고	ko	6452
으로써	ko	6423
다양	ko	6418
그녀	ko	6391
잘	ko	6389
생활	ko	6371
시스템	ko	6368
비판	ko	6355
정보	ko	6332
국제	ko	6303
진행	ko	6284
성공	ko	6283
평가	ko	6276
네	ko	6276
세력	ko	6273
자리	ko	6236
시기	ko	6232
갖	ko	6211
기능	ko	6205
지구	ko	6164
제작	ko	6151
어야	ko	6150
배	ko	6129
우승	ko	6084
차지	ko	6083
인간	ko	6070
따라서	ko	6063
관하	ko	6051
인물	ko	6011
연결	ko	6008
정책	ko	5999
불	ko	5992
대신	ko	5985
즉	ko	5982
밝히	ko	5965
교회	ko	5955
나타나	ko	5921
컴퓨터	ko	5879
거의	ko	5861
단	ko	5794
좋	ko	5787
으로부터	ko	5774
이때	ko	5766
편	ko	5766
여성	ko	5762
이루	ko	5739
달	ko	5729
이론	ko	5704
수상	ko	5694
지금	ko	5687
해당	ko	5672
전체	ko	5648
축구	ko	5641
역할	ko	5639
열리	ko	5633
아래	ko	5622
반	ko	5622
제도	ko	5619
지내	ko	5616
기타	ko	5611
물	ko	5606
달리	ko	5594
열	ko	5551
직접	ko	5548
노	ko	5542
천	ko	5515
이탈리아	ko	5501
미	ko	5496
전하	ko	5492
유지	ko	5492
군사	ko	5488
회사	ko	5479
잇	ko	5472
표현	ko	5463
시절	ko	5461
잡	ko	5458
기간	ko	5456
생애	ko	5453
거치	ko	5437
재	ko	5434
오르	ko	5433
교황	ko	5413
들어가	ko	5408
노선	ko	5403
해	ko	5387
생산	ko	5363
역시	ko	5360
최고	ko	5343
치	ko	5339
가운데	ko	5338
비롯	ko	5334
각각	ko	5325
파	ko	5314
르	ko	5306
이끌	ko	5289
기준	ko	5267
소속	ko	5259
소	ko	5220
정의	ko	5213
입	ko	5201
상황	ko	5189
모습	ko	5189
산	ko	5168
떨어지	ko	5164
니	ko	5161
특징	ko	5160
차량	ko	5158
날	ko	5148
기원전	ko	5130
목적	ko	5129
사업	ko	5115
기본	ko	5114
제공	ko	5113
몇	ko	5109
규모	ko	5098
나타내	ko	5077
승리	ko	5068
종교	ko	5054
종류	ko	5050
임명	ko	5050
영어	ko	5046
무	ko	5044
변화	ko	5036
현대	ko	5032
대상	ko	5027
학생	ko	5013
상대	ko	5004
참가	ko	4993
보통	ko	4977
층	ko	4974
이란	ko	4969
과학	ko	4968
만나	ko	4962
동시	ko	4942
끝	ko	4939
마지막	ko	4931
이야기	ko	4927
어떤	ko	4925
판	ko	4921
공화국	ko	4917
자유	ko	4916
기관	ko	4915
일으키	ko	4910
측	ko	4906
배우	ko	4894
탄생	ko	4891
민족	ko	4876
추가	ko	4873
요구	ko	4861
건설	ko	4854
결혼	ko	4847
경	ko	4846
서로	ko	4825
관리	ko	4818
그것	ko	4803
도쿄	ko	4799
졸업	ko	4796
선거	ko	4773
겠	ko	4773
중앙	ko	4770
거리	ko	4759
기독교	ko	4758
여	ko	4755
양	ko	4733
철도	ko	4726
카	ko	4725
형성	ko	4715
도입	ko	4709
단체	ko	4704
참고	ko	4683
책	ko	4674
비슷	ko	4674
억	ko	4666
대학교	ko	4665
대전	ko	4658
국	ko	4643
혹은	ko	4624
없이	ko	4622
원래	ko	4619
분야	ko	4617
체제	ko	4600
운행	ko	4600
앞	ko	4591
출연	ko	4588
주변	ko	4583
막	ko	4565
다르	ko	4560
명칭	ko	4552
종	ko	4543
이어	ko	4508
우리	ko	4502
문자	ko	4496
소련	ko	4492
삼	ko	4489
강하	ko	4463
내리	ko	4444
지나	ko	4439
제외	ko	4433
교수	ko	4409
진출	ko	4391
나가	ko	4385
산업	ko	4379
공	ko	4364
사상	ko	4346
지배	ko	4339
문	ko	4334
인정	ko	4323
참	ko	4321
정	ko	4315
고려	ko	4310
인기	ko	4288
끝나	ko	4287
바꾸	ko	4286
군대	ko	4285
버리	ko	4283
가리키	ko	4270
드	ko	4268
국민	ko	4266
낮	ko	4263
시리즈	ko	4253
전통	ko	4248
설명	ko	4234
그리	ko	4214
최근	ko	4213
이런	ko	4202
려	ko	4195
병	ko	4190
조사	ko	4172
설	ko	4169
건물	ko	4161
므로	ko	4157
직	ko	4148
올리	ko	4147
이렇	ko	4139
실패	ko	4129
이미	ko	4129
옮기	ko	4115
기반	ko	4101
개인	ko	4085
생기	ko	4083
놓	ko	4082
음반	ko	4072
변경	ko	4058
실시	ko	4056
고대	ko	4055
비하	ko	4047
힘	ko	4043
걸치	ko	4012
맞	ko	4012
딸	ko	3999
호선	ko	3997
위원회	ko	3996
정권	ko	3985
떠나	ko	3977
찾	ko	3968
가족	ko	3965
버전	ko	3963
비교	ko	3947
남쪽	ko	3945
클럽	ko	3942
야	ko	3941
혁명	ko	3940
윈도	ko	3934
씨	ko	3931
속도	ko	3928
방향	ko	3921
지지	ko	3909
노래	ko	3907
일제	ko	3907
형식	ko	3901
에너지	ko	3892
먹	ko	3889
개념	ko	3878
공연	ko	3877
트	ko	3871
새	ko	3870
모델	ko	3868
행정	ko	3867
동	ko	3865
북쪽	ko	3863
부대	ko	3862
그룹	ko	3856
애니메이션	ko	3851
골	ko	3847
바로	ko	3835
밖	ko	3822
서비스	ko	3816
통합	ko	3811
란	ko	3803
ㄴ데	ko	3800
차이	ko	3798
기존	ko	3784
수학	ko	3764
시장	ko	3762
손	ko	3754
구분	ko	3730
그리스	ko	3723
내부	ko	3722
이동	ko	3719
에도	ko	3713
어머니	ko	3712
조약	ko	3711
그렇	ko	3707
속하	ko	3690
마다	ko	3679
증가	ko	3677
작업	ko	3676
쉽	ko	3675
사진	ko	3670
어리	ko	3668
열차	ko	3667
공개	ko	3661
최대	ko	3659
선언	ko	3659
가문	ko	3656
왕국	ko	3638
소설	ko	3633
물질	ko	3631
과거	ko	3625
수행	ko	3624
드라마	ko	3614
능력	ko	3603
피	ko	3602
개최	ko	3601
헌법	ko	3600
의원	ko	3595
프로	ko	3581
후보	ko	3567
읽	ko	3558
넘	ko	3558
데뷔	ko	3553
나누	ko	3551
현상	ko	3543
어느	ko	3541
자기	ko	3534
가깝	ko	3530
천황	ko	3530
돌아오	ko	3518
수록	ko	3517
교통	ko	3514
기업	ko	3510
쿠	ko	3505
자체	ko	3503
으므로	ko	3502
주도	ko	3495
바뀌	ko	3494
높이	ko	3494
규정	ko	3493
선정	ko	3479
행위	ko	3472
모양	ko	3459
공간	ko	3458
사용자	ko	3452
값	ko	3450
서쪽	ko	3444
이승만	ko	3441
목록	ko	3428
멤버	ko	3424
활약	ko	3420
영토	ko	3418
동쪽	ko	3418
태양	ko	3418
환경	ko	3413
담당	ko	3408
가수	ko	3398
글	ko	3389
최	ko	3381
채	ko	3380
남부	ko	3379
경력	ko	3375
넣	ko	3373
크기	ko	3372
전국	ko	3370
적용	ko	3360
팔	ko	3339
회의	ko	3338
인도	ko	3333
아직	ko	3332
싱글	ko	3331
오늘날	ko	3323
판매	ko	3317
왕조	ko	3310
작전	ko	3307
역대	ko	3298
지정	ko	3288
연합	ko	3286
어렵	ko	3285
차례	ko	3285
돌	ko	3282
눈	ko	3280
구간	ko	3278
논란	ko	3277
사단	ko	3273
아이	ko	3264
추진	ko	3263
전자	ko	3258
남기	ko	3256
장치	ko	3255
효과	ko	3255
으면	ko	3252
벌이	ko	3251
개혁	ko	3250
나뉘	ko	3248
밴드	ko	3247
영역	ko	3245
지니	ko	3239
점령	ko	3238
선출	ko	3237
여자	ko	3237
국내	ko	3235
계약	ko	3234
받아들이	ko	3232
월드컵	ko	3219
보호	ko	3207
석	ko	3207
인터넷	ko	3198
우	ko	3194
론	ko	3189
경찰	ko	3188
빠르	ko	3185
급	ko	3184
거두	ko	3180
나이	ko	3179
사랑	ko	3179
표기	ko	3177
실제로	ko	3177
다루	ko	3172
부족	ko	3172
려고	ko	3171
려는	ko	3168
자연	ko	3166
주민	ko	3160
곧	ko	3151
올림픽	ko	3145
발달	ko	3139
널리	ko	3136
성장	ko	3135
더욱	ko	3131
음력	ko	3126
쪽	ko	3122
선택	ko	3121
코	ko	3116
계열	ko	3116
레	ko	3115
맺	ko	3114
유일	ko	3113
아도	ko	3111
신라	ko	3108
결성	ko	3103
는지	ko	3097
북부	ko	3092
체계	ko	3090
키	ko	3084
작가	ko	3083
우주	ko	3082
시설	ko	3079
승	ko	3073
붙이	ko	3051
마	ko	3049
전기	ko	3048
달러	ko	3046
해석	ko	3044
북	ko	3041
스페인	ko	3038
라디오	ko	3037
이어지	ko	3033
고자	ko	3029
확장	ko	3022
용어	ko	3022
연방	ko	3021
처리	ko	3019
단계	ko	3018
강화	ko	3018
유래	ko	3014
조건	ko	3001
행동	ko	2998
특별	ko	2994
몸	ko	2986
단위	ko	2985
정하	ko	2985
포	ko	2979
특정	ko	2975
승강장	ko	2974
방문	ko	2968
관심	ko	2964
죽음	ko	2957
소프트웨어	ko	2954
통일	ko	2953
씩	ko	2952
부인	ko	2948
설계	ko	2947
명령	ko	2944
표준	ko	2941
원인	ko	2940
모	ko	2939
노력	ko	2936
존	ko	2934
문학	ko	2932
명단	ko	2928
장관	ko	2927
행사	ko	2924
편성	ko	2924
제한	ko	2920
지휘	ko	2917
반응	ko	2908
구역	ko	2907
시도	ko	2906
외부	ko	2905
기후	ko	2900
로써	ko	2893
확인	ko	2893
요	ko	2891
개월	ko	2890
요청	ko	2881
장군	ko	2874
문서	ko	2872
위원	ko	2867
행성	ko	2867
발	ko	2860
조정	ko	2848
땅	ko	2848
공동	ko	2840
입장	ko	2837
ㄴ지	ko	2837
야구	ko	2832
사고	ko	2823
접하	ko	2822
실제	ko	2822
준비	ko	2821
자주	ko	2816
수도	ko	2816
체	ko	2814
마치	ko	2811
갖추	ko	2807
성적	ko	2805
나서	ko	2802
질량	ko	2800
피해	ko	2798
엔진	ko	2795
수준	ko	2793
개요	ko	2793
정식	ko	2792
이외	ko	2791
참조	ko	2789
파리	ko	2786
만화	ko	2786
자동차	ko	2785
토	ko	2780
통과	ko	2778
연호	ko	2778
성격	ko	2760
예정	ko	2759
출판	ko	2756
실험	ko	2749
평균	ko	2749
동일	ko	2745
원소	ko	2744
분리	ko	2742
요소	ko	2741
완전히	ko	2737
회장	ko	2735
부문	ko	2728
색	ko	2721
제품	ko	2719
권력	ko	2717
거주	ko	2716
기초	ko	2712
면적	ko	2710
잃	ko	2710
롭	ko	2709
지키	ko	2707
동부	ko	2706
죽이	ko	2701
배경	ko	2700
아시아	ko	2698
정당	ko	2697
스스로	ko	2696
표시	ko	2692
파견	ko	2687
스럽	ko	2680
기사	ko	2680
이해	ko	2674
패	ko	2672
즉위	ko	2671
성립	ko	2666
단어	ko	2664
도움	ko	2657
버스	ko	2655
바탕	ko	2646
항목	ko	2644
거부	ko	2640
그대로	ko	2632
강력	ko	2626
연속	ko	2615
소리	ko	2614
들어오	ko	2614
티	ko	2612
통치	ko	2609
언급	ko	2609
발행	ko	2609
집단	ko	2607
폐지	ko	2602
출전	ko	2601
믿	ko	2596
인접	ko	2594
마을	ko	2590
이곳	ko	2585
추정	ko	2584
번역	ko	2578
만큼	ko	2575
목표	ko	2575
도로	ko	2574
시민	ko	2570
생	ko	2567
빛	ko	2565
인사	ko	2563
향하	ko	2563
불구	ko	2555
대로	ko	2546
직후	ko	2544
데이터	ko	2542
수많	ko	2539
외교	ko	2538
관측	ko	2538
예수	ko	2529
작용	ko	2528
한국어	ko	2526
계산	ko	2521
빠지	ko	2520
친구	ko	2519
지도	ko	2519
문헌	ko	2514
정리	ko	2510
귀국	ko	2510
지리	ko	2510
텔레비전	ko	2507
일정	ko	2506
부정	ko	2502
지도자	ko	2502
백	ko	2501
돌아가	ko	2501
북한	ko	2496
함수	ko	2494
모으	ko	2491
팬	ko	2490
작곡	ko	2488
육군	ko	2482
의회	ko	2480
반면	ko	2479
출시	ko	2475
의사	ko	2474
조선민주주의인민공화국	ko	2473
경기도	ko	2465
무기	ko	2458
동물	ko	2456
관	ko	2455
불교	ko	2452
대중	ko	2450
제정	ko	2447
해군	ko	2446
루	ko	2444
배치	ko	2439
베	ko	2436
캐나다	ko	2435
공사	ko	2434
오스트리아	ko	2425
옛	ko	2423
제기	ko	2423
온도	ko	2419
취임	ko	2412
다니	ko	2411
신문	ko	2406
학문	ko	2405
파괴	ko	2405
국회의원	ko	2404
저서	ko	2404
언론	ko	2400
흐르	ko	2400
먼저	ko	2400
예술	ko	2397
나중	ko	2397
잉글랜드	ko	2395
수립	ko	2394
지적	ko	2394
디자인	ko	2394
후반	ko	2390
고등학교	ko	2389
철학	ko	2383
정규	ko	2381
정신	ko	2373
남자	ko	2372
표	ko	2367
뉴욕	ko	2367
지속	ko	2365
뛰어나	ko	2364
돈	ko	2363
넓	ko	2363
둘	ko	2363
캐릭터	ko	2360
대륙	ko	2359
벌어지	ko	2358
치르	ko	2357
담	ko	2356
구하	ko	2355
적극	ko	2354
겪	ko	2353
항	ko	2350
미치	ko	2345
경계	ko	2344
실행	ko	2344
가정	ko	2337
마찬가지	ko	2336
무렵	ko	2335
체포	ko	2331
이듬해	ko	2331
전문	ko	2330
부상	ko	2327
지대	ko	2326
체결	ko	2324
귀족	ko	2324
디	ko	2322
초대	ko	2320
확대	ko	2318
개국	ko	2318
메	ko	2318
동생	ko	2317
학자	ko	2316
절	ko	2315
국회	ko	2313
연기	ko	2307
계기	ko	2305
다수	ko	2304
주의	ko	2302
총리	ko	2302
제안	ko	2294
소개	ko	2293
시험	ko	2292
저	ko	2291
사후	ko	2289
도착	ko	2289
결합	ko	2286
가톨릭	ko	2285
매	ko	2285
경영	ko	2284
동맹	ko	2282
붙	ko	2281
의견	ko	2280
부산	ko	2280
싸우	ko	2276
요리	ko	2274
패배	ko	2273
항공	ko	2271
김	ko	2264
밖에	ko	2263
코드	ko	2261
상징	ko	2258
인식	ko	2258
협력	ko	2250
지명	ko	2250
나머지	ko	2250
역임	ko	2249
프로젝트	ko	2249
완성	ko	2246
법률	ko	2243
각종	ko	2242
방영	ko	2240
폴란드	ko	2240
고구려	ko	2240
방	ko	2238
이집트	ko	2236
최종	ko	2235
경험	ko	2233
컵	ko	2227
전차	ko	2223
특성	ko	2221
연주	ko	2219
대체	ko	2217
완전	ko	2215
접근	ko	2215
금지	ko	2214
바다	ko	2212
가입	ko	2212
아프리카	ko	2211
공부	ko	2210
박정희	ko	2207
반란	ko	2206
일본군	ko	2206
금	ko	2204
근처	ko	2202
건	ko	2202
느끼	ko	2202
몇몇	ko	2200
측정	ko	2198
병력	ko	2198
았었	ko	2191
품	ko	2188
정확	ko	2187
스포츠	ko	2186
해결	ko	2185
네덜란드	ko	2185
설정	ko	2181
량	ko	2180
러	ko	2178
근거	ko	2178
줄이	ko	2176
장소	ko	2176
업무	ko	2165
류	ko	2161
분석	ko	2156
유사	ko	2156
테	ko	2154
보유	ko	2151
취하	ko	2147
안정	ko	2147
다만	ko	2147
비난	ko	2146
물론	ko	2146
생성	ko	2144
세상	ko	2143
여름	ko	2141
기구	ko	2139
영	ko	2133
모르	ko	2132
세대	ko	2131
연대	ko	2127
저항	ko	2120
기계	ko	2115
식민지	ko	2115
행하	ko	2114
장면	ko	2114
입학	ko	2113
카드	ko	2112
다면	ko	2112
경쟁	ko	2112
그해	ko	2109
듣	ko	2109
ㄴ가	ko	2104
짧	ko	2104
머리	ko	2103
고종	ko	2100
중단	ko	2099
박사	ko	2099
재위	ko	2094
풀	ko	2090
암살	ko	2084
경기장	ko	2083
공업	ko	2080
해외	ko	2079
병사	ko	2079
강점기	ko	2079
해방	ko	2077
정치인	ko	2077
한자	ko	2076
근대	ko	2070
약간	ko	2067
주제	ko	2063
더불	ko	2059
평화	ko	2057
제거	ko	2057
살해	ko	2056
형제	ko	2056
제시	ko	2054
법칙	ko	2053
지위	ko	2052
사회주의	ko	2050
통신	ko	2046
신화	ko	2045
점차	ko	2041
마음	ko	2039
ㄴ다면	ko	2038
의식	ko	2037
공항	ko	2037
걸리	ko	2035
런던	ko	2035
서울특별시	ko	2034
터	ko	2032
은퇴	ko	2018
훈련	ko	2017
세포	ko	2016
기념	ko	2016
붕괴	ko	2015
전달	ko	2015
스타	ko	2008
깊	ko	2007
록	ko	2007
변하	ko	2006
표면	ko	2006
맞추	ko	2005
디지털	ko	2004
복귀	ko	2001
가치	ko	1996
그래서	ko	1996
대립	ko	1996
묘사	ko	1992
낳	ko	1991
행	ko	1978
보도	ko	1975
다리	ko	1972
당선	ko	1968
움직이	ko	1968
박	ko	1968
연구소	ko	1967
국가대표팀	ko	1963
비트	ko	1961
계승	ko	1960
무역	ko	1959
기원	ko	1957
청	ko	1955
평	ko	1951
독자	ko	1949
본래	ko	1947
숫자	ko	1943
짓	ko	1939
모이	ko	1937
사라지	ko	1936
부여	ko	1936
계급	ko	1932
시행	ko	1931
지점	ko	1929
백제	ko	1926
라며	ko	1923
침공	ko	1921
주목	ko	1918
봉	ko	1916
극	ko	1914
위험	ko	1913
창	ko	1911
궤도	ko	1910
무장	ko	1910
입자	ko	1908
센터	ko	1907
심하	ko	1906
개통	ko	1905
물체	ko	1902
나무	ko	1902
아내	ko	1901
기년	ko	1899
음식	ko	1898
실	ko	1896
해체	ko	1896
태평양	ko	1896
증명	ko	1895
연혁	ko	1895
서부	ko	1894
채택	ko	1894
청나라	ko	1894
기자	ko	1892
책임	ko	1892
교	ko	1891
멸망	ko	1888
원칙	ko	1884
근무	ko	1882
권리	ko	1882
베트남	ko	1882
가격	ko	1881
개정	ko	1879
집합	ko	1873
자라	ko	1873
소수	ko	1872
농업	ko	1870
방송국	ko	1860
채널	ko	1860
대사	ko	1858
유학	ko	1857
제조	ko	1856
반도	ko	1855
삶	ko	1854
충돌	ko	1852
강제	ko	1851
달하	ko	1851
누구	ko	1849
칸	ko	1849
이기	ko	1847
군인	ko	1847
돕	ko	1846
무대	ko	1846
암	ko	1846
대응	ko	1844
작성	ko	1842
이하	ko	1842
지하철	ko	1842
장비	ko	1840
논문	ko	1839
중화인민공화국	ko	1839
내각	ko	1838
링크	ko	1836
유	ko	1836
띠	ko	1834
족	ko	1834
불과	ko	1831
제목	ko	1830
화학	ko	1829
중심지	ko	1829
가사	ko	1829
펼치	ko	1827
전개	ko	1824
지식	ko	1818
공장	ko	1817
흔히	ko	1815
율	ko	1815
주인공	ko	1814
협회	ko	1814
판단	ko	1812
끌	ko	1809
강조	ko	1807
거대	ko	1807
반발	ko	1806
영상	ko	1806
겨울	ko	1806
따	ko	1804
전력	ko	1803
공산당	ko	1802
출생	ko	1801
듯	ko	1801
감소	ko	1800
으면서	ko	1800
쇼	ko	1800
회복	ko	1796
새로	ko	1794
위기	ko	1791
마리	ko	1791
밝	ko	1789
등급	ko	1789
멀	ko	1786
개편	ko	1785
이주	ko	1783
집중	ko	1782
인근	ko	1781
등록	ko	1781
회원	ko	1779
이사	ko	1778
진	ko	1775
학년	ko	1770
거절	ko	1770
송	ko	1770
비디오	ko	1769
밤	ko	1767
활용	ko	1766
개선	ko	1766
아일랜드	ko	1764
네트워크	ko	1763
사항	ko	1762
상업	ko	1757
항성	ko	1756
선발	ko	1755
인수	ko	1755
항복	ko	1755
만약	ko	1754
승격	ko	1753
여행	ko	1752
분포	ko	1752
식물	ko	1751
성질	ko	1750
주어지	ko	1747
엔	ko	1747
번호	ko	1746
여전히	ko	1744
웹	ko	1743
친	ko	1743
건축	ko	1742
김구	ko	1742
신호	ko	1741
산맥	ko	1740
영향력	ko	1738
너무	ko	1738
원정	ko	1737
민주당	ko	1735
국왕	ko	1735
교사	ko	1731
일본인	ko	1731
라운드	ko	1731
수정	ko	1730
중간	ko	1729
목	ko	1729
개신교	ko	1728
추	ko	1728
겸	ko	1728
전략	ko	1727
오페라	ko	1726
노동자	ko	1726
발음	ko	1722
마련	ko	1721
투수	ko	1721
도중	ko	1718
이미지	ko	1717
장악	ko	1715
자격	ko	1714
초반	ko	1714
자원	ko	1713
범위	ko	1712
응용	ko	1711
이슬람	ko	1710
소비에트	ko	1708
오사카	ko	1708
조조	ko	1704
기체	ko	1702
전선	ko	1696
교체	ko	1696
남편	ko	1695
저장	ko	1694
확보	ko	1693
해안	ko	1693
가하	ko	1692
대학원	ko	1690
측면	ko	1689
한글	ko	1688
비용	ko	1688
하루	ko	1686
논쟁	ko	1685
꽃	ko	1685
학과	ko	1685
순위	ko	1683
에게서	ko	1682
유리	ko	1680
칼	ko	1680
보수	ko	1678
현실	ko	1677
종합	ko	1676
광고	ko	1675
발사	ko	1672
상하이	ko	1670
검	ko	1669
친일	ko	1666
일종	ko	1663
오스트레일리아	ko	1663
합치	ko	1661
신학	ko	1661
원리	ko	1660
달성	ko	1658
구별	ko	1657
획득	ko	1657
전설	ko	1656
척	ko	1655
기여	ko	1653
항상	ko	1650
임무	ko	1650
얼마	ko	1648
기호	ko	1647
하늘	ko	1647
주교	ko	1647
비율	ko	1645
비행	ko	1644
은하	ko	1641
전환	ko	1640
수단	ko	1640
캠퍼스	ko	1638
본격	ko	1636
소재	ko	1636
메모리	ko	1635
참석	ko	1634
일컫	ko	1633
미사일	ko	1633
사이트	ko	1633
거	ko	1632
종종	ko	1631
시각	ko	1630
승인	ko	1629
변	ko	1627
임시정부	ko	1625
왕위	ko	1624
견해	ko	1623
성우	ko	1622
갈등	ko	1621
전역	ko	1621
병원	ko	1619
투쟁	ko	1619
맥	ko	1618
규칙	ko	1617
방어	ko	1616
한반도	ko	1616
성능	ko	1615
일대	ko	1614
출발	ko	1613
위원장	ko	1612
잘못	ko	1611
다섯	ko	1611
고문	ko	1610
연장	ko	1610
남성	ko	1610
단순	ko	1608
가르치	ko	1605
공작	ko	1604
자동	ko	1603
우수	ko	1602
검사	ko	1602
삼성	ko	1601
원자	ko	1599
어떻	ko	1599
대구	ko	1597
회전	ko	1595
허용	ko	1594
원하	ko	1594
조금	ko	1594
상당	ko	1592
집안	ko	1591
보급	ko	1591
좋아하	ko	1591
상호	ko	1587
군주	ko	1584
전사	ko	1584
마이크로소프트	ko	1582
전후	ko	1580
주위	ko	1577
조지	ko	1577
별명	ko	1576
양자	ko	1576
경향	ko	1575
후기	ko	1574
모스크바	ko	1574
앞서	ko	1573
복잡	ko	1572
수입	ko	1572
남북	ko	1569
스웨덴	ko	1569
수사	ko	1569
공급	ko	1569
연합군	ko	1568
구단	ko	1568
싶	ko	1566
특수	ko	1565
전혀	ko	1564
진압	ko	1563
위협	ko	1561
국경	ko	1561
외국	ko	1560
합병	ko	1559
교류	ko	1559
사태	ko	1558
소유	ko	1558
관료	ko	1558
미군	ko	1557
브라질	ko	1557
안전	ko	1554
유대인	ko	1553
심	ko	1553
기회	ko	1551
정복	ko	1550
매년	ko	1549
퍼지	ko	1547
지시	ko	1547
방정식	ko	1546
바람	ko	1545
중반	ko	1544
슬	ko	1543
혼란	ko	1542
한국인	ko	1542
그곳	ko	1540
나폴레옹	ko	1538
시위	ko	1537
올라가	ko	1536
질	ko	1536
밀	ko	1535
슈	ko	1535
홍콩	ko	1533
위성	ko	1533
묻	ko	1532
재판	ko	1532
패하	ko	1531
만주	ko	1531
운용	ko	1529
분자	ko	1528
줄	ko	1528
글자	ko	1527
라틴어	ko	1527
재직	ko	1526
세계대전	ko	1525
물리	ko	1523
수용	ko	1521
양식	ko	1521
아주	ko	1521
권한	ko	1520
목사	ko	1519
정비	ko	1519
정상	ko	1517
공기	ko	1516
오히려	ko	1514
군단	ko	1514
항공기	ko	1513
편지	ko	1512
흡수	ko	1509
창설	ko	1508
치료	ko	1505
추측	ko	1504
플레이어	ko	1504
술	ko	1503
피하	ko	1502
예상	ko	1501
명예	ko	1501
천체	ko	1500
압력	ko	1498
재정	ko	1498
홈	ko	1496
향상	ko	1494
공산주의	ko	1494
득점	ko	1494
신앙	ko	1493
평양	ko	1492
채용	ko	1492
그러	ko	1491
합류	ko	1490
독일군	ko	1488
길이	ko	1488
혐의	ko	1487
폭발	ko	1484
모드	ko	1483
재산	ko	1482
고전	ko	1482
청년	ko	1482
녹음	ko	1481
발언	ko	1479
방언	ko	1479
금속	ko	1476
시인	ko	1476
조선총독부	ko	1476
종료	ko	1475
임시	ko	1470
투입	ko	1470
그런	ko	1466
촬영	ko	1466
제어	ko	1465
이자	ko	1465
보존	ko	1465
전철	ko	1465
소식	ko	1463
대개	ko	1461
핵	ko	1461
ㅂ니다	ko	1460
젊	ko	1458
처형	ko	1458
난	ko	1457
좀	ko	1456
미터	ko	1455
망명	ko	1455
일본어	ko	1452
동작	ko	1451
오래되	ko	1450
대기	ko	1450
차트	ko	1450
비록	ko	1450
직전	ko	1449
부근	ko	1449
정착	ko	1449
이스라엘	ko	1448
은행	ko	1447
보병	ko	1446
밑	ko	1445
플레이	ko	1445
연맹	ko	1439
쌓	ko	1438
감	ko	1438
기온	ko	1438
우스	ko	1437
도구	ko	1435
오랜	ko	1435
헝가리	ko	1435
부모	ko	1435
협상	ko	1434
개조	ko	1433
훨씬	ko	1432
연재	ko	1431
개시	ko	1430
축	ko	1429
라면	ko	1424
막부	ko	1423
통제	ko	1422
토지	ko	1421
중화민국	ko	1420
마리아	ko	1420
뛰	ko	1415
대비	ko	1414
는가	ko	1413
중세	ko	1412
공군	ko	1411
논리	ko	1409
보고	ko	1408
폰	ko	1405
요한	ko	1405
대항	ko	1404
고향	ko	1403
단지	ko	1403
무엇	ko	1402
더라도	ko	1401
공원	ko	1401
물러나	ko	1400
이제	ko	1399
몽골	ko	1399
동원	ko	1399
전파	ko	1397
약하	ko	1395
인정받	ko	1394
민중	ko	1394
관광	ko	1394
별도	ko	1394
조성	ko	1393
대한제국	ko	1393
작곡가	ko	1391
투표	ko	1390
출마	ko	1389
박물관	ko	1388
논의	ko	1387
장착	ko	1387
본선	ko	1386
연극	ko	1385
취급	ko	1385
협정	ko	1384
늘어나	ko	1384
절대	ko	1383
탑재	ko	1383
순	ko	1379
증거	ko	1377
조선인	ko	1377
투자	ko	1377
광주	ko	1375
아름답	ko	1375
노동	ko	1375
벗어나	ko	1374
예선	ko	1374
문명	ko	1372
광복	ko	1370
학부	ko	1370
베이징	ko	1369
부활	ko	1369
탄압	ko	1368
합의	ko	1368
기대	ko	1367
창단	ko	1366
업	ko	1365
본부	ko	1364
예전	ko	1360
사장	ko	1359
서버	ko	1357
편입	ko	1353
둘째	ko	1353
준	ko	1352
제자	ko	1348
활발	ko	1347
즐기	ko	1344
기지	ko	1344
어린이	ko	1344
교토	ko	1344
핵심	ko	1343
성과	ko	1343
움직임	ko	1342
침략	ko	1342
잎	ko	1342
히틀러	ko	1341
소년	ko	1341
관직	ko	1341
우선	ko	1334
출력	ko	1334
조치	ko	1333
구체	ko	1332
에피소드	ko	1332
관찰	ko	1331
지하	ko	1331
각지	ko	1330
입단	ko	1329
인류	ko	1328
서양	ko	1328
진화	ko	1328
노예	ko	1328
어떠	ko	1327
놓이	ko	1327
문장	ko	1327
건국	ko	1326
윤치호	ko	1326
자세	ko	1324
힘들	ko	1323
탑	ko	1323
결승	ko	1323
학위	ko	1321
온라인	ko	1321
집권	ko	1320
톤	ko	1320
민주	ko	1319
입력	ko	1319
본관	ko	1318
루이	ko	1317
미디어	ko	1311
동료	ko	1310
좌	ko	1309
방면	ko	1309
잠시	ko	1309
신자	ko	1307
걷	ko	1306
0계	ko	1306
대형	ko	1304
오후	ko	1304
아르헨티나	ko	1304
전시	ko	1296
심각	ko	1295
지상	ko	1294
봄	ko	1293
한때	ko	1292
만족	ko	1292
상당히	ko	1290
구현	ko	1290
생겨나	ko	1290
농민	ko	1289
무리	ko	1288
죄	ko	1288
건강	ko	1287
이명박	ko	1284
가담	ko	1284
결승전	ko	1283
전용	ko	1282
가져오	ko	1280
자금	ko	1278
터키	ko	1278
대한민국의	ko	1277
일치	ko	1276
미래	ko	1275
사례	ko	1272
그런데	ko	1271
이익	ko	1271
실리	ko	1270
멕시코	ko	1270
생물	ko	1268
병합	ko	1268
자치	ko	1268
사전	ko	1268
스타일	ko	1266
홈런	ko	1266
백성	ko	1265
포로	ko	1264
창립	ko	1264
분쟁	ko	1261
가스	ko	1261
소장	ko	1261
선조	ko	1261
반드시	ko	1260
효율	ko	1259
스위스	ko	1259
의혹	ko	1259
주식회사	ko	1258
관점	ko	1257
자매	ko	1257
콘서트	ko	1256
뉴스	ko	1254
수출	ko	1254
약속	ko	1253
분열	ko	1253
기억	ko	1253
극장	ko	1253
주년	ko	1252
인천	ko	1251
윌리엄	ko	1251
그때	ko	1250
업체	ko	1249
들어서	ko	1248
확실	ko	1248
방출	ko	1247
프랑스어	ko	1246
출간	ko	1244
확정	ko	1243
메이지	ko	1241
기도	ko	1241
상품	ko	1240
장교	ko	1240
양성	ko	1239
확립	ko	1238
이른바	ko	1237
하느님	ko	1236
말기	ko	1235
타이틀	ko	1235
생명	ko	1234
서구	ko	1234
판결	ko	1234
포기	ko	1234
참전	ko	1233
성인	ko	1233
유도	ko	1230
전공	ko	1230
보장	ko	1229
투어	ko	1229
의무	ko	1228
벌	ko	1227
라인	ko	1227
포르투갈	ko	1226
어도	ko	1225
정차	ko	1225
간주	ko	1224
철	ko	1222
점점	ko	1221
그리스도	ko	1221
상위	ko	1219
성공회	ko	1219
광	ko	1218
코치	ko	1217
함락	ko	1215
고정	ko	1214
업적	ko	1214
민	ko	1214
반복	ko	1214
제임스	ko	1213
변형	ko	1213
몰	ko	1213
거기	ko	1213
역사상	ko	1213
선고	ko	1211
비잔티움	ko	1210
베를린	ko	1210
변호사	ko	1209
던지	ko	1209
궁전	ko	1208
영입	ko	1207
비밀	ko	1207
프로이센	ko	1207
마침내	ko	1206
드러나	ko	1205
조각	ko	1204
동의	ko	1203
출범	ko	1202
지휘자	ko	1202
자살	ko	1200
철수	ko	1199
엄청나	ko	1199
보잉	ko	1199
본사	ko	1198
단백질	ko	1197
제대로	ko	1196
임금	ko	1195
오랫동안	ko	1195
훗날	ko	1193
해산	ko	1193
당나라	ko	1193
궁	ko	1191
제출	ko	1190
사령관	ko	1190
의장	ko	1190
등지	ko	1189
라도	ko	1189
나치	ko	1188
강원도	ko	1188
끝내	ko	1188
항구	ko	1188
수소	ko	1185
유나이티드	ko	1183
조작	ko	1181
친일인명사전	ko	1180
감정	ko	1177
악화	ko	1176
싸움	ko	1176
신분	ko	1176
밀도	ko	1175
한일	ko	1175
둘러싸	ko	1175
연안	ko	1175
후손	ko	1175
편집	ko	1174
너	ko	1174
연관	ko	1172
변환	ko	1172
단일	ko	1171
전반	ko	1171
독립운동	ko	1170
디스크	ko	1169
뿌리	ko	1168
앤	ko	1168
하위	ko	1167
상승	ko	1167
월드	ko	1166
더하	ko	1166
교환	ko	1166
그래픽	ko	1165
오른쪽	ko	1163
벽	ko	1163
답	ko	1161
줄거리	ko	1161
소스	ko	1160
예측	ko	1156
등장인물	ko	1155
선생	ko	1154
끼치	ko	1153
뉴	ko	1153
걸	ko	1151
헨리	ko	1151
인종	ko	1151
여부	ko	1150
강의	ko	1150
경상북도	ko	1150
못	ko	1149
줄어들	ko	1149
함대	ko	1149
원작	ko	1149
홍	ko	1149
소련군	ko	1147
고유	ko	1146
학	ko	1144
재료	ko	1144
촌	ko	1144
금융	ko	1142
서적	ko	1141
홀	ko	1141
유로	ko	1140
경주	ko	1140
실질	ko	1139
중학교	ko	1138
아메리카	ko	1138
가상	ko	1137
타이완	ko	1137
폭력	ko	1136
쉬	ko	1136
잡지	ko	1135
단독	ko	1134
고도	ko	1134
시점	ko	1134
인권	ko	1133
습니다	ko	1132
의도	ko	1131
풍부	ko	1131
외국인	ko	1129
머무르	ko	1129
폭	ko	1129
한계	ko	1127
귀	ko	1126
시내	ko	1126
의학	ko	1125
격	ko	1125
중력	ko	1124
그리스어	ko	1123
십자군	ko	1123
라이브	ko	1123
격파	ko	1123
돌리	ko	1122
동전	ko	1122
흑인	ko	1121
대략	ko	1119
이념	ko	1118
의지	ko	1118
일원	ko	1118
장기	ko	1117
인터페이스	ko	1117
왼쪽	ko	1116
화가	ko	1116
국립	ko	1114
프로그래밍	ko	1113
변동	ko	1109
커지	ko	1106
정원	ko	1105
진보	ko	1105
김일성	ko	1104
임기	ko	1103
구축	ko	1103
에서부터	ko	1103
의심	ko	1103
오스만	ko	1102
울	ko	1102
무시	ko	1102
우려	ko	1100
처벌	ko	1100
지형	ko	1100
성경	ko	1100
왕자	ko	1100
복	ko	1099
개설	ko	1099
본명	ko	1099
챔피언스리그	ko	1098
캘리포니아	ko	1097
나아가	ko	1096
목소리	ko	1096
건조	ko	1095
계통	ko	1094
대체로	ko	1094
폴	ko	1094
민주주의	ko	1093
포위	ko	1092
태도	ko	1090
탈출	ko	1089
조합	ko	1088
간단	ko	1088
분위기	ko	1088
카를	ko	1088
불만	ko	1087
사형	ko	1087
왕비	ko	1086
물리학	ko	1085
미술	ko	1085
장르	ko	1083
전송	ko	1083
곤	ko	1083
공유	ko	1082
호수	ko	1082
윤	ko	1082
성향	ko	1081
발발	ko	1081
축제	ko	1081
신성	ko	1081
사임	ko	1080
학살	ko	1080
도서관	ko	1080
침입	ko	1080
본	ko	1078
대화	ko	1076
기획	ko	1076
한나라당	ko	1075
약력	ko	1075
전두환	ko	1074
꿈	ko	1074
화면	ko	1074
그리하여	ko	1073
요인	ko	1072
빌	ko	1072
레이	ko	1072
실현	ko	1071
개량	ko	1071
창조	ko	1071
추기경	ko	1070
명나라	ko	1069
중부	ko	1068
분할	ko	1068
왜	ko	1067
황	ko	1066
법원	ko	1066
맞서	ko	1066
편찬	ko	1066
차전	ko	1066
맨체스터	ko	1066
인터뷰	ko	1065
얼굴	ko	1063
후계자	ko	1062
명성	ko	1061
지급	ko	1060
선포	ko	1060
드러내	ko	1059
친일파	ko	1059
션	ko	1058
프	ko	1057
범죄	ko	1057
통상	ko	1055
학력	ko	1054
내전	ko	1052
률	ko	1052
차원	ko	1051
수송	ko	1051
모임	ko	1051
개입	ko	1051
흐름	ko	1049
도달	ko	1049
먹이	ko	1049
주력	ko	1047
옆	ko	1047
의존	ko	1046
망	ko	1046
전부	ko	1046
인상	ko	1045
맞이	ko	1044
총선	ko	1044
세트	ko	1043
진격	ko	1043
성서	ko	1042
반영	ko	1042
주관	ko	1042
민간	ko	1041
연	ko	1041
직원	ko	1041
다스리	ko	1040
듯이	ko	1040
행정구역	ko	1040
워싱턴	ko	1040
공포	ko	1040
노무현	ko	1039
기갑	ko	1039
여운형	ko	1039
칭호	ko	1039
투	ko	1038
날개	ko	1037
주소	ko	1036
거래	ko	1036
확산	ko	1036
충격	ko	1035
올	ko	1035
푸	ko	1034
내세우	ko	1033
재배	ko	1033
계층	ko	1033
건담	ko	1032
태풍	ko	1031
인조	ko	1030
통	ko	1029
타격	ko	1029
악기	ko	1029
초등학교	ko	1028
각국	ko	1028
차별	ko	1028
실력	ko	1027
압축	ko	1027
부임	ko	1026
영업	ko	1024
맨	ko	1023
바치	ko	1022
순서	ko	1021
탈퇴	ko	1021
밀리	ko	1021
허가	ko	1019
공통	ko	1019
타이	ko	1019
부진	ko	1019
직업	ko	1018
승려	ko	1018
숲	ko	1018
김대중	ko	1017
홍보	ko	1017
수도권	ko	1016
요시	ko	1015
알고리즘	ko	1015
유비	ko	1015
플레이오프	ko	1015
묘	ko	1014
정체	ko	1013
이번	ko	1013
전화	ko	1013
접촉	ko	1013
성분	ko	1011
다며	ko	1011
공동체	ko	1010
조차	ko	1010
가설	ko	1010
통산	ko	1010
어디	ko	1009
확률	ko	1009
서울대학교	ko	1008
프로리그	ko	1008
추구	ko	1007
부하	ko	1005
왕실	ko	1005
종이	ko	1004
자녀	ko	1004
페르시아	ko	1004
전원	ko	1003
교리	ko	1002
총장	ko	1002
원수	ko	1002
려면	ko	1001
집행	ko	1001
본인	ko	1001
신설	ko	1001
는다는	ko	1001
배출	ko	1001
연료	ko	1001
프로세서	ko	1001
석유	ko	999
든	ko	998
스탈린	ko	998
재단	ko	997
오브	ko	997
장남	ko	997
바이러스	ko	997
정기	ko	996
정지	ko	996
모형	ko	994
고치	ko	994
모음	ko	993
제일	ko	993
대장	ko	993
모리	ko	993
독특	ko	992
장식	ko	992
야당	ko	991
재건	ko	989
불법	ko	989
야마	ko	989
드물	ko	989
법인	ko	989
파악	ko	988
일시	ko	988
건립	ko	987
취소	ko	987
대만	ko	987
덴마크	ko	987
항의	ko	986
이혼	ko	986
카이사르	ko	986
사퇴	ko	984
손자	ko	983
핀란드	ko	983
폭탄	ko	983
수비	ko	982
최소	ko	981
넘어가	ko	981
자연수	ko	980
조카	ko	980
신뢰	ko	979
봉기	ko	979
키우	ko	979
아무	ko	977
소송	ko	977
장수	ko	977
변수	ko	976
통계	ko	976
틀	ko	976
전동차	ko	976
건너가	ko	975
종목	ko	975
중국어	ko	974
저지	ko	974
국민당	ko	973
출장	ko	973
운전	ko	972
이라크	ko	971
적합	ko	971
경상남도	ko	970
개칭	ko	970
비행기	ko	968
내려오	ko	968
지폐	ko	968
여론	ko	967
동문	ko	967
호텔	ko	967
오픈	ko	967
임의	ko	966
덕	ko	964
사정	ko	963
번주	ko	963
솔로	ko	962
요새	ko	962
피아노	ko	961
노벨	ko	960
따로	ko	959
인용	ko	959
절차	ko	959
빌리	ko	957
이중	ko	957
한정	ko	956
전신	ko	956
진입	ko	956
진영	ko	956
심지어	ko	955
공헌	ko	955
영지	ko	955
합성	ko	954
현장	ko	954
창당	ko	954
저술	ko	954
학원	ko	953
최후	ko	952
충분	ko	952
브랜드	ko	952
전문가	ko	950
약칭	ko	948
망원경	ko	948
천만	ko	947
찍	ko	947
벨기에	ko	947
유적	ko	947
전적	ko	946
트랙	ko	946
실수	ko	945
자극	ko	945
스키	ko	945
구원	ko	945
덧붙이	ko	944
명명	ko	944
선전	ko	944
개봉	ko	944
분명	ko	943
독일어	ko	943
가까이	ko	942
발간	ko	942
완공	ko	942
승진	ko	940
숨	ko	940
여왕	ko	940
가량	ko	938
대우	ko	937
무게	ko	936
공주	ko	936
킬로미터	ko	935
순수	ko	935
개방	ko	934
쿠데타	ko	933
그치	ko	932
과학자	ko	932
화제	ko	931
여명	ko	931
전면	ko	931
모토	ko	931
버	ko	931
파크	ko	931
설득	ko	930
예루살렘	ko	930
거듭	ko	929
내놓	ko	929
용도	ko	929
추대	ko	929
늑대	ko	929
그러므로	ko	928
현지	ko	927
인민	ko	927
늦	ko	927
국제공항	ko	927
뮌헨	ko	926
구속	ko	926
박헌영	ko	926
복원	ko	925
국기	ko	924
방해	ko	924
최다	ko	924
아침	ko	924
좁	ko	924
칭하	ko	923
하드웨어	ko	923
처하	ko	923
감시	ko	922
산소	ko	922
추천	ko	922
영웅	ko	922
구성원	ko	922
구입	ko	922
선보이	ko	921
보컬	ko	921
철도역	ko	921
스코틀랜드	ko	920
운	ko	920
오전	ko	919
미국인	ko	918
지나치	ko	917
지사	ko	916
사양	ko	914
테러	ko	914
탄	ko	914
성당	ko	912
당초	ko	911
후원	ko	911
사제	ko	910
넘기	ko	910
찾아가	ko	910
누르	ko	909
수원	ko	909
예산	ko	909
화물	ko	909
추방	ko	908
멀리	ko	908
독재	ko	907
으니	ko	905
청소년	ko	904
관할	ko	904
옷	ko	903
배포	ko	902
전술	ko	902
플랫폼	ko	902
공학	ko	901
반하	ko	901
엔터테인먼트	ko	900
대량	ko	899
홈페이지	ko	899
하나님	ko	899
유전자	ko	899
별자리	ko	899
수치	ko	898
수집	ko	897
분노	ko	897
주둔	ko	897
자식	ko	896
님	ko	895
독	ko	895
팔리	ko	895
우크라이나	ko	894
태종	ko	894
폐	ko	894
서술	ko	893
서명	ko	893
주식	ko	893
악	ko	892
풍	ko	892
총회	ko	892
읍	ko	892
시호	ko	890
배열	ko	888
통화	ko	888
슈퍼	ko	888
태조	ko	887
장점	ko	887
방지	ko	887
회담	ko	886
사자	ko	886
오래	ko	885
순간	ko	884
막대	ko	884
전투기	ko	884
전형	ko	883
교향곡	ko	883
어려움	ko	881
노르웨이	ko	881
소비	ko	880
게다가	ko	878
소문	ko	878
연설	ko	877
복수	ko	877
바르	ko	877
도덕	ko	876
수요	ko	876
필	ko	876
위반	ko	875
0차원	ko	875
유역	ko	875
카메라	ko	875
어둡	ko	875
정계	ko	874
기기	ko	874
백만	ko	874
필리핀	ko	874
화성	ko	874
감염	ko	874
공용어	ko	873
합격	ko	873
다소	ko	872
적절	ko	872
쌍	ko	872
발명	ko	872
주파수	ko	872
선교사	ko	871
무덤	ko	871
누	ko	871
스튜디오	ko	870
모시	ko	870
애플	ko	870
달라지	ko	869
대선	ko	869
지칭	ko	869
자는	ko	869
합	ko	869
기법	ko	869
성직자	ko	868
페이지	ko	867
로버트	ko	867
탈락	ko	866
시티	ko	866
사격	ko	865
취득	ko	865
프리드리히	ko	865
채우	ko	864
보조	ko	864
중대	ko	864
사원	ko	863
공정	ko	863
여객	ko	863
특별히	ko	862
동방	ko	862
특이	ko	861
철학자	ko	861
부속	ko	861
세종	ko	861
총독	ko	861
라이트	ko	861
바이에른	ko	861
문법	ko	860
부부	ko	860
탄소	ko	859
종족	ko	859
산하	ko	859
히데요시	ko	859
이에야스	ko	858
가난	ko	857
터미널	ko	857
별로	ko	856
오직	ko	855
전류	ko	855
김규식	ko	855
헤	ko	855
정조	ko	855
황후	ko	855
신경	ko	854
상륙	ko	854
고급	ko	853
기병	ko	853
재학	ko	852
프랑스군	ko	852
로켓	ko	850
지향	ko	850
도전	ko	849
메시지	ko	848
백작	ko	848
누리	ko	847
허락	ko	847
빈	ko	847
갑자기	ko	846
가리	ko	846
일화	ko	846
타자	ko	846
윤보선	ko	845
석방	ko	845
물건	ko	845
중지	ko	845
마시	ko	844
지진	ko	844
강등	ko	844
절반	ko	843
임	ko	843
동아일보	ko	843
느리	ko	843
회원국	ko	842
정교회	ko	840
우익	ko	840
부담	ko	840
맛	ko	840
무력	ko	840
공로	ko	839
서기	ko	839
광장	ko	837
서방	ko	837
완료	ko	837
프리미어리그	ko	836
저자	ko	835
처	ko	835
학술	ko	834
내지	ko	834
유행	ko	834
손실	ko	833
루마니아	ko	833
자본	ko	833
아프가니스탄	ko	832
양쪽	ko	832
빚	ko	831
근	ko	831
기종	ko	831
허	ko	831
사운드	ko	831
샤를	ko	830
부장	ko	830
강요	ko	830
회로	ko	829
상인	ko	829
검찰	ko	829
덕분	ko	829
메이저	ko	829
주되	ko	828
왕가	ko	828
무겁	ko	828
작위	ko	828
애	ko	827
건너	ko	827
재능	ko	825
위대	ko	825
원주민	ko	825
작동	ko	824
간부	ko	823
신인	ko	822
해협	ko	822
뇌	ko	820
권위	ko	818
지휘관	ko	818
편의	ko	817
태	ko	817
사기	ko	817
질서	ko	817
러시아어	ko	816
소녀	ko	816
부품	ko	816
레오	ko	815
토벌	ko	815
천문학	ko	814
꺾	ko	814
무료	ko	814
뜨	ko	814
여단	ko	813
마드리드	ko	813
규격	ko	812
고안	ko	811
머물	ko	811
희망	ko	811
점수	ko	811
매체	ko	809
조절	ko	809
뽑	ko	809
개명	ko	809
가공	ko	807
일기	ko	806
녀	ko	806
국장	ko	806
몰락	ko	805
신부	ko	805
환자	ko	805
실천	ko	804
새기	ko	804
전라남도	ko	804
재임	ko	803
삭제	ko	803
맡기	ko	803
기다리	ko	802
고통	ko	801
충청남도	ko	801
중추원	ko	801
쇼군	ko	801
주간	ko	800
보안	ko	799
총재	ko	797
후퇴	ko	797
링	ko	797
관여	ko	794
증언	ko	794
소위	ko	794
유력	ko	793
일찍	ko	793
임진왜란	ko	792
공세	ko	791
커다랗	ko	791
발굴	ko	791
고속	ko	791
엘	ko	791
정확히	ko	790
범	ko	790
코어	ko	790
사신	ko	790
미리	ko	789
트리	ko	789
익	ko	789
이토	ko	788
도쿠가와	ko	788
창작	ko	787
환승	ko	787
낱말	ko	787
숙종	ko	787
지식인	ko	786
사냥	ko	786
교황청	ko	786
다이묘	ko	786
개체	ko	785
혼인	ko	785
백인	ko	785
구름	ko	784
인쇄	ko	784
심사	ko	783
주연	ko	783
운항	ko	783
베이스	ko	783
검색	ko	782
상실	ko	782
찬성	ko	782
찾아오	ko	782
불가리아	ko	782
광년	ko	782
참고문헌	ko	781
들이	ko	781
연산	ko	781
인지	ko	780
늘리	ko	780
나쁘	ko	780
포맷	ko	780
일상	ko	779
연간	ko	779
휘하	ko	779
가요	ko	778
할아버지	ko	778
유배	ko	778
잡히	ko	777
진정	ko	776
종사	ko	776
진학	ko	776
양국	ko	774
대다수	ko	774
복무	ko	774
화폐	ko	773
레코드	ko	773
서재필	ko	773
바라	ko	772
부호	ko	772
마크	ko	772
경로	ko	771
측근	ko	771
쏘	ko	771
해양	ko	771
세조	ko	771
아랍	ko	770
스토리	ko	770
이온	ko	769
입대	ko	769
선임	ko	769
출구	ko	769
ㄹ수록	ko	768
탄핵	ko	768
오류	ko	768
결론	ko	767
천주교	ko	767
고용	ko	767
탓	ko	767
계곡	ko	767
발휘	ko	766
예외	ko	766
보관	ko	766
유교	ko	766
숨기	ko	766
옥	ko	765
하계	ko	764
몰리	ko	764
이치	ko	764
신체	ko	764
자랑	ko	764
김영삼	ko	763
원형	ko	763
방위	ko	763
자본주의	ko	763
발해	ko	763
출판사	ko	763
느냐	ko	762
무너지	ko	761
물리치	ko	761
전제	ko	761
일단	ko	761
유전	ko	760
딩	ko	760
생존	ko	760
내려가	ko	760
화재	ko	760
축소	ko	759
앞두	ko	759
단순히	ko	759
의문	ko	759
민족주의	ko	758
동서	ko	758
도메인	ko	758
공의회	ko	758
거점	ko	757
부통령	ko	757
동기	ko	757
향	ko	757
깊이	ko	756
사찰	ko	756
ㄹ지	ko	755
쥐	ko	755
폐쇄	ko	755
도시철도	ko	755
기하학	ko	754
사법	ko	754
이내	ko	754
자기장	ko	753
본토	ko	753
명확	ko	753
액체	ko	753
보고서	ko	753
마저	ko	752
시조	ko	752
띄	ko	751
벡터	ko	750
호소	ko	750
안내	ko	750
파동	ko	749
법학	ko	748
청하	ko	748
극복	ko	747
고속도로	ko	745
여섯	ko	745
코너	ko	745
냐	ko	743
뮤직	ko	743
주기	ko	743
국무총리	ko	743
문제점	ko	743
살리	ko	743
사과	ko	742
유형	ko	742
도망치	ko	742
항일	ko	741
개성	ko	741
화합물	ko	740
뉴질랜드	ko	740
공무원	ko	739
시신	ko	739
근본	ko	738
활성	ko	738
간섭	ko	738
원조	ko	738
정벌	ko	738
수술	ko	738
스타리그	ko	738
얼	ko	737
탈	ko	736
치세	ko	736
시리아	ko	735
접속	ko	734
조항	ko	733
종전	ko	733
력	ko	733
녹	ko	733
유닛	ko	733
형상	ko	733
자국	ko	732
곡선	ko	732
수학자	ko	731
꾸준히	ko	731
감사	ko	731
정통	ko	729
파운드	ko	729
전승	ko	729
없애	ko	728
단점	ko	728
마무리	ko	728
수업	ko	727
해상	ko	727
울산	ko	726
수여	ko	726
콘스탄티노폴리스	ko	726
주전	ko	726
기념일	ko	725
제사	ko	725
고양이	ko	724
주체	ko	722
머	ko	722
토대	ko	722
하여금	ko	721
당대	ko	721
레벨	ko	721
상소	ko	721
노부나가	ko	721
소설가	ko	720
립	ko	720
혼합	ko	719
인가	ko	718
번지	ko	718
승객	ko	718
세르비아	ko	717
가끔	ko	717
담기	ko	716
이웃	ko	716
결심	ko	716
음성	ko	715
묶	ko	714
매장	ko	714
호칭	ko	714
부탁	ko	714
작사	ko	714
마사	ko	714
스타크래프트	ko	714
동양	ko	713
즉시	ko	713
떼	ko	713
신청	ko	712
시간대	ko	712
가볍	ko	712
혼자	ko	711
겨우	ko	711
쇠퇴	ko	711
휘	ko	711
이벤트	ko	710
충분히	ko	710
첫째	ko	710
노리	ko	710
소비자	ko	710
소멸	ko	710
습격	ko	710
어원	ko	709
영국군	ko	709
독립운동가	ko	708
의료	ko	708
가계	ko	708
독점	ko	708
빨리	ko	707
혜성	ko	707
교역	ko	706
판사	ko	706
대책	ko	706
춤	ko	706
중계	ko	705
준우승	ko	705
포인트	ko	705
인공	ko	704
뉴턴	ko	704
농장	ko	703
상임	ko	703
지불	ko	703
털	ko	703
대성당	ko	702
대대	ko	702
전압	ko	702
복사	ko	701
토론	ko	701
오토	ko	701
웹사이트	ko	701
노출	ko	701
연락	ko	701
인원	ko	701
수도원	ko	701
정수	ko	700
재개	ko	700
천문학자	ko	700
중국인	ko	700
믿음	ko	700
사막	ko	700
라이벌	ko	700
복음서	ko	700
전주	ko	699
산지	ko	698
테스트	ko	697
학습	ko	697
꼬리	ko	697
창간	ko	695
리눅스	ko	695
서식	ko	695
서인	ko	695
주인	ko	694
입사	ko	694
열매	ko	694
음악가	ko	693
이사회	ko	693
해제	ko	692
에드워드	ko	692
수석	ko	691
유효	ko	690
좌석	ko	690
음모	ko	690
연계	ko	689
발탁	ko	689
비중	ko	689
신하	ko	688
프리	ko	688
모순	ko	688
기울이	ko	688
다카	ko	688
이어서	ko	688
쯤	ko	687
감옥	ko	687
셋째	ko	687
소재지	ko	687
롯데	ko	687
식량	ko	686
희	ko	686
결의	ko	685
피해자	ko	685
선교	ko	685
뻗	ko	685
사무	ko	684
힙합	ko	684
덜	ko	683
엄격	ko	683
기둥	ko	683
갈라지	ko	683
대결	ko	682
저녁	ko	682
루트비히	ko	682
마케도니아	ko	682
조선일보	ko	681
다음날	ko	681
후임	ko	681
초점	ko	681
화려	ko	681
원년	ko	681
당국	ko	680
따오	ko	680
역설	ko	680
시청	ko	679
아마추어	ko	679
출현	ko	679
테마	ko	678
도모	ko	678
약화	ko	678
대원군	ko	678
생물학	ko	677
질문	ko	677
꼽히	ko	677
태양계	ko	676
완벽	ko	676
예비	ko	676
권고	ko	676
식품	ko	676
마법	ko	675
반도체	ko	674
로스	ko	674
개별	ko	673
동영상	ko	673
내장	ko	673
현황	ko	672
리처드	ko	672
강연	ko	672
자르	ko	672
광범위	ko	672
기소	ko	671
마르	ko	671
좌우	ko	670
수리	ko	670
구상	ko	669
어휘	ko	669
뮤직비디오	ko	669
학회	ko	668
고위	ko	668
증상	ko	668
지중해	ko	668
싣	ko	667
언덕	ko	667
과도	ko	667
국적	ko	667
아카데미	ko	667
진주	ko	666
교장	ko	666
권유	ko	666
혁신	ko	666
질병	ko	665
심판	ko	665
시계	ko	665
아무런	ko	665
법정	ko	665
메인	ko	665
동일본	ko	665
시드니	ko	664
흰색	ko	664
사무소	ko	664
각자	ko	663
목숨	ko	663
간행	ko	663
포트	ko	663
본질	ko	662
주류	ko	662
루스	ko	662
새끼	ko	662
선물	ko	661
일련	ko	661
곤충	ko	661
행적	ko	661
지나가	ko	660
영문	ko	660
개교	ko	660
경유	ko	660
신장	ko	659
역학	ko	659
북군	ko	659
소화	ko	658
협조	ko	658
인도네시아	ko	658
중동	ko	657
연소	ko	657
자치구	ko	657
인텔	ko	657
김씨	ko	657
스승	ko	656
랑	ko	656
집필	ko	656
힘쓰	ko	656
부패	ko	656
보편	ko	656
김성수	ko	656
항해	ko	656
이슬람교	ko	655
압도	ko	655
부산광역시	ko	655
비오	ko	655
멈추	ko	655
수상자	ko	654
경성	ko	654
국도	ko	654
바르셀로나	ko	654
이민	ko	654
기르	ko	654
기관차	ko	654
단편	ko	653
남한	ko	653
민주화	ko	652
선박	ko	652
레이더	ko	651
동해	ko	651
평야	ko	651
유통	ko	651
용량	ko	651
전라북도	ko	651
제의	ko	650
둘러싸이	ko	650
대외	ko	650
훌륭	ko	650
부수	ko	649
고기	ko	649
놀이	ko	649
루이스	ko	649
시카고	ko	649
리스트	ko	648
희생	ko	648
수십	ko	648
유입	ko	648
소총	ko	648
입구	ko	648
부친	ko	648
일행	ko	648
지목	ko	647
붉	ko	647
긍정	ko	646
순환	ko	646
출입	ko	645
강수량	ko	645
이행	ko	644
아랍어	ko	644
타입	ko	644
베드로	ko	644
견제	ko	643
극단	ko	643
군수	ko	643
사립	ko	643
무선	ko	643
제약	ko	642
경제학	ko	642
상처	ko	642
소집	ko	642
흔하	ko	642
항공사	ko	642
오케스트라	ko	642
시달리	ko	642
클래스	ko	642
군부	ko	641
봉하	ko	641
프로세스	ko	641
교구	ko	641
펼쳐지	ko	640
세금	ko	640
조상	ko	640
올라오	ko	640
목성	ko	640
동화	ko	640
공국	ko	639
라틴	ko	639
베타	ko	639
차단	ko	639
살아남	ko	638
접	ko	638
포지션	ko	638
놀라	ko	637
반격	ko	637
클래식	ko	637
베스트	ko	636
안타	ko	636
옛날	ko	635
칩	ko	635
집회	ko	634
에스파냐	ko	634
칠	ko	633
유물	ko	633
오디오	ko	633
메리	ko	633
연출	ko	633
육	ko	633
공중	ko	632
수직	ko	632
챔피언	ko	632
주최	ko	632
유대교	ko	632
처분	ko	631
새벽	ko	631
대주교	ko	631
성종	ko	630
아이템	ko	628
훈장	ko	628
바라보	ko	628
히트	ko	628
민족문제연구소	ko	628
의병	ko	628
태자	ko	628
인력	ko	627
경고	ko	627
텐	ko	627
매일	ko	627
락	ko	627
하우스	ko	627
영조	ko	627
파장	ko	626
국토	ko	626
이탈리아어	ko	626
부유	ko	626
옹호	ko	626
흥선대원군	ko	626
빼	ko	625
리스	ko	625
미군정	ko	625
명성황후	ko	625
신칸센	ko	625
십	ko	624
녹색	ko	624
약탈	ko	624
곧바로	ko	623
유언	ko	623
갈색	ko	623
올해	ko	623
렌즈	ko	623
초창기	ko	622
저작	ko	622
끼리	ko	622
위상	ko	622
대법원	ko	622
프랑	ko	622
존경	ko	621
발족	ko	621
균형	ko	621
영혼	ko	621
운동가	ko	620
그동안	ko	620
좌파	ko	620
재생	ko	620
콜	ko	620
설비	ko	620
퇴각	ko	620
그중	ko	619
검토	ko	619
증	ko	619
홋카이도	ko	619
구장	ko	619
신한은행	ko	619
초청	ko	618
유신	ko	618
바오로	ko	618
조종	ko	618
해임	ko	618
첼시	ko	618
할	ko	618
인증	ko	617
동아시아	ko	616
풋볼	ko	616
빼앗	ko	615
한강	ko	615
난징	ko	615
무관	ko	615
방안	ko	614
할당	ko	614
잔	ko	614
데리	ko	614
는다고	ko	613
이광수	ko	613
앉	ko	613
강도	ko	613
대왕	ko	613
무산	ko	612
찰스	ko	612
러시아인	ko	612
유용	ko	612
농촌	ko	612
가을	ko	612
신사	ko	611
이성	ko	611
숙청	ko	611
칠레	ko	611
공공	ko	611
대서양	ko	611
언제나	ko	610
무효	ko	610
자유당	ko	610
쌀	ko	610
호환	ko	610
간격	ko	610
판정	ko	610
갑	ko	610
좌익	ko	609
깨닫	ko	609
몰아내	ko	609
건의	ko	608
빅토리아	ko	608
물고기	ko	607
데이터베이스	ko	607
중시	ko	607
체코	ko	607
상당수	ko	607
복구	ko	607
공전	ko	607
잭슨	ko	607
상수	ko	606
노태우	ko	606
분산	ko	606
구멍	ko	606
일환	ko	606
히데	ko	605
르네상스	ko	604
동경	ko	604
국방	ko	604
바위	ko	604
바티칸	ko	604
고지	ko	604
벨	ko	603
그래프	ko	603
과목	ko	603
영주	ko	603
생명체	ko	602
빌헬름	ko	602
배제	ko	602
고원	ko	602
현역	ko	602
피부	ko	602
하와이	ko	602
파키스탄	ko	602
수반	ko	601
충청북도	ko	601
시내버스	ko	601
콘	ko	601
마감	ko	601
황태자	ko	600
기생	ko	600
악단	ko	600
교섭	ko	599
감각	ko	599
티베트	ko	599
사료	ko	599
혼	ko	598
얼마나	ko	598
격렬	ko	598
내륙	ko	597
제주도	ko	597
한국전쟁	ko	597
동지	ko	597
무사	ko	597
통로	ko	597
이를테면	ko	596
분해	ko	596
파생	ko	596
철거	ko	596
능	ko	596
현존	ko	595
관중	ko	595
사위	ko	594
전성기	ko	594
석사	ko	594
압박	ko	594
묻히	ko	593
극장판	ko	593
딴	ko	593
얼음	ko	593
원나라	ko	593
나고야	ko	593
리버풀	ko	593
수감	ko	592
색깔	ko	592
끼	ko	592
행렬	ko	592
명시	ko	592
쿠바	ko	592
도서	ko	592
보상	ko	592
경남	ko	591
오늘	ko	591
소득	ko	591
시베리아	ko	591
문화재	ko	591
뮤지컬	ko	591
사령부	ko	590
로봇	ko	590
짐	ko	590
유산	ko	590
송시열	ko	590
표기법	ko	589
왕족	ko	589
책봉	ko	589
불안	ko	588
빌딩	ko	588
래	ko	588
윤치영	ko	588
분지	ko	588
수백	ko	588
화산	ko	588
일곱	ko	588
평소	ko	587
가톨릭교회	ko	587
상대방	ko	587
적어도	ko	587
줄기	ko	587
텍사스	ko	587
필수	ko	586
서서히	ko	586
안쪽	ko	586
공적	ko	586
면하	ko	586
원시	ko	586
손상	ko	586
운송	ko	586
공략	ko	585
왕권	ko	585
평생	ko	584
문인	ko	584
흔적	ko	584
아티스트	ko	584
그러자	ko	584
인생	ko	584
돌파	ko	584
협약	ko	584
총독부	ko	584
되찾	ko	583
궁정	ko	583
건축물	ko	583
섭정	ko	583
토마스	ko	582
동력	ko	582
사도	ko	582
청구	ko	582
바닥	ko	582
공신	ko	582
상호작용	ko	581
고등	ko	581
명사	ko	581
관광객	ko	581
아테네	ko	581
당원	ko	580
중심부	ko	580
복합	ko	580
상주	ko	580
볼	ko	580
포드	ko	579
언론인	ko	579
양산	ko	579
대대적	ko	579
블랙	ko	579
업데이트	ko	579
스페인어	ko	579
전직	ko	578
지류	ko	578
닮	ko	578
여객철도	ko	578
담배	ko	577
유고슬라비아	ko	577
소요	ko	577
충	ko	577
전진	ko	577
신임	ko	576
가로	ko	576
이래	ko	576
지름	ko	576
북아메리카	ko	576
밥	ko	576
개척	ko	576
아동	ko	576
부흥	ko	575
항쟁	ko	575
여인	ko	575
사유	ko	575
부지	ko	575
로스앤젤레스	ko	575
관계자	ko	574
흥미	ko	573
중기	ko	573
계몽	ko	573
거느리	ko	573
마찰	ko	573
차관	ko	573
가속	ko	573
대조	ko	573
굽	ko	573
살인	ko	573
타율	ko	573
동인	ko	572
자유주의	ko	572
매각	ko	572
진실	ko	571
국군	ko	571
행복	ko	571
프랑크	ko	571
제위	ko	571
선호	ko	570
온	ko	570
도심	ko	570
연도	ko	570
모집	ko	570
단종	ko	570
가슴	ko	570
출	ko	570
심장	ko	569
편리	ko	569
가시	ko	569
유치	ko	569
연령	ko	569
기점	ko	568
귀환	ko	568
일명	ko	568
입법	ko	568
판매량	ko	568
팽창	ko	568
중립	ko	567
직선	ko	567
넓히	ko	567
자판	ko	567
시가지	ko	566
옹	ko	566
잠수함	ko	565
개수	ko	565
엘리자베스	ko	565
뚜렷	ko	565
평면	ko	565
성명	ko	564
경전	ko	564
규제	ko	564
산악	ko	564
의거	ko	563
빼앗기	ko	563
트레이드	ko	563
퍼센트	ko	562
국방부	ko	562
삽입	ko	562
내려지	ko	562
인재	ko	562
자이언츠	ko	562
친척	ko	561
이사장	ko	561
주문	ko	561
침	ko	561
미니	ko	561
한화	ko	561
세자	ko	561
아스널	ko	561
정변	ko	560
블록	ko	560
출처	ko	560
소형	ko	560
알파	ko	560
개미	ko	560
아르	ko	559
방침	ko	559
굴	ko	559
훈	ko	559
암컷	ko	559
공화당	ko	558
도와주	ko	558
얘기	ko	558
기리	ko	558
특유	ko	558
구리	ko	558
탑승	ko	558
인치	ko	558
펴	ko	557
만세	ko	557
복지	ko	557
하천	ko	557
육성	ko	557
피신	ko	557
농구	ko	557
구사	ko	557
로드	ko	557
밀접	ko	556
마이클	ko	556
선형	ko	556
촉진	ko	556
조화	ko	556
싸	ko	556
반환	ko	556
위주	ko	556
베르	ko	556
소자	ko	556
형사	ko	555
국가대표	ko	555
숙	ko	554
징역	ko	554
저지르	ko	554
정면	ko	554
깨	ko	554
라이선스	ko	554
장애	ko	554
한인	ko	554
연습	ko	554
대답	ko	553
학사	ko	553
임신	ko	553
봉사	ko	553
선두	ko	553
한동안	ko	552
호주	ko	552
대칭	ko	552
간접	ko	552
침해	ko	552
진군	ko	552
댐	ko	552
폐위	ko	552
겸하	ko	551
가게	ko	551
일본의	ko	551
김옥균	ko	550
후지	ko	549
해리	ko	549
액	ko	549
유대	ko	548
터널	ko	548
동계	ko	548
빵	ko	548
주자	ko	547
투옥	ko	547
팝	ko	547
명목	ko	547
연평균	ko	547
기동	ko	546
미사	ko	546
반박	ko	545
법안	ko	545
박해	ko	545
아파트	ko	545
드리	ko	545
한쪽	ko	545
하드	ko	545
시칠리아	ko	545
호조	ko	545
민간인	ko	544
주택	ko	544
식민	ko	544
요금	ko	544
히로시마	ko	544
여신	ko	544
원로원	ko	544
레알	ko	544
입히	ko	543
싱가포르	ko	543
비치	ko	543
임정	ko	543
개발자	ko	543
꾸미	ko	543
대령	ko	543
자바	ko	543
윤년	ko	542
분배	ko	541
광학	ko	541
때때로	ko	541
차체	ko	541
효	ko	541
입증	ko	540
시사	ko	540
지붕	ko	540
추격	ko	540
다이	ko	540
유길준	ko	540
일진회	ko	540
북서쪽	ko	539
부시	ko	539
수익	ko	539
삼국	ko	539
미드필더	ko	539
안동	ko	539
데이비드	ko	538
검증	ko	538
영구	ko	538
연고	ko	538
암석	ko	538
노드	ko	538
대군	ko	538
우주선	ko	537
수명	ko	537
발레	ko	537
닌텐도	ko	537
디스플레이	ko	537
후쿠오카	ko	537
황실	ko	536
일자	ko	536
뼈	ko	536
색상	ko	536
요코하마	ko	536
개원	ko	536
모듈	ko	535
부가	ko	535
적색	ko	535
센서	ko	535
한국시리즈	ko	535
친일반민족행위진상규명위원회	ko	535
비례	ko	534
전향	ko	534
조명	ko	534
프로토콜	ko	534
자문	ko	534
파워	ko	534
코스	ko	534
착	ko	534
갈리아	ko	534
등용	ko	533
자고	ko	533
탐사	ko	533
동학	ko	533
연애	ko	533
ㄹ라	ko	533
드라이브	ko	533
짜	ko	532
송진우	ko	532
랩	ko	532
성운	ko	532
광물	ko	531
폭격	ko	531
놀	ko	531
탈당	ko	530
협의	ko	530
왜냐하면	ko	530
임대	ko	530
의정부	ko	530
수천	ko	529
우호	ko	529
곳곳	ko	529
시청률	ko	529
북미	ko	529
합리	ko	529
친정	ko	529
민법	ko	529
환	ko	528
서유럽	ko	528
워드	ko	528
지바	ko	528
한족	ko	528
인자	ko	527
와중	ko	527
평등	ko	527
이순신	ko	527
거행	ko	527
리더	ko	526
무한	ko	526
브라우저	ko	526
겸임	ko	526
무슬림	ko	526
주권	ko	525
배후	ko	525
헬륨	ko	525
반사	ko	525
찾아보	ko	524
유기	ko	524
킹	ko	524
비극	ko	524
특허	ko	524
인디언	ko	524
조지아	ko	523
아인슈타인	ko	523
주가	ko	523
타원	ko	523
케이블	ko	523
해발	ko	523
천연기념물	ko	523
셀	ko	523
오스	ko	523
연고지	ko	523
악장	ko	523
까닭	ko	522
북방	ko	522
일요일	ko	522
자손	ko	522
상원	ko	521
양반	ko	521
교단	ko	521
흥	ko	520
바이올린	ko	520
심리	ko	520
금성	ko	520
콩	ko	520
제휴	ko	520
천사	ko	520
중종	ko	520
떠오르	ko	519
가르침	ko	519
패턴	ko	518
존중	ko	518
준공	ko	518
최신	ko	518
명령어	ko	518
왜성	ko	518
제주	ko	516
규슈	ko	516
포켓몬	ko	516
합동	ko	515
무늬	ko	515
무려	ko	515
외곽	ko	515
성사	ko	515
나카	ko	515
지각	ko	515
신고	ko	515
장사	ko	515
분화	ko	514
관습	ko	514
효력	ko	514
짜리	ko	514
밀라노	ko	514
관현악단	ko	514
스미스	ko	514
내내	ko	514
후속	ko	513
공산주의자	ko	513
추적	ko	513
레드	ko	513
종결	ko	512
노스	ko	512
이어받	ko	512
겹치	ko	512
개화파	ko	512
양도	ko	512
피트	ko	512
입문	ko	511
보스턴	ko	511
석탄	ko	511
진공	ko	511
급격히	ko	511
대리	ko	511
댄스	ko	511
우라늄	ko	510
뽑히	ko	510
주축	ko	510
발효	ko	510
간토	ko	510
당신	ko	510
전장	ko	510
부리	ko	509
고서	ko	509
스핀	ko	509
조봉암	ko	509
한국의	ko	509
지연	ko	509
별다르	ko	509
운하	ko	509
기독교인	ko	509
이식	ko	509
벼슬	ko	509
성모	ko	509
보충	ko	508
예정자	ko	508
거스르	ko	507
단원	ko	507
고객	ko	507
암호	ko	507
하원	ko	507
보물	ko	507
병역	ko	507
돔	ko	506
베네치아	ko	506
과장	ko	506
차남	ko	506
숭배	ko	506
개관	ko	506
천연	ko	506
기부	ko	506
호족	ko	506
펜	ko	505
가마쿠라	ko	505
케플러	ko	505
양력	ko	505
중성자	ko	504
성리학	ko	504
전례	ko	504
저작권	ko	504
찾아내	ko	504
냉전	ko	504
급제	ko	504
릭	ko	504
스테이지	ko	504
주일	ko	503
세부	ko	503
오해	ko	503
두드러지	ko	503
자발	ko	503
고무	ko	503
직책	ko	503
제퍼슨	ko	503
마일	ko	503
당사자	ko	503
성전	ko	503
기관총	ko	503
전남	ko	502
약자	ko	502
그만두	ko	502
화해	ko	502
한성부	ko	502
한나라	ko	502
어미	ko	502
학파	ko	502
납치	ko	502
남군	ko	502
차이점	ko	501
이날	ko	501
게이트	ko	501
틈	ko	501
마루	ko	501
영광	ko	501
문하	ko	500
여동생	ko	500
느낌	ko	500
계수	ko	499
로마자	ko	499
고르	ko	499
블로그	ko	499
드라이버	ko	499
밀란	ko	499
안창호	ko	498
독일인	ko	498
국정	ko	498
서독	ko	498
부자	ko	498
어요	ko	497
적응	ko	497
사직	ko	497
단행	ko	497
관통	ko	497
잠	ko	497
객체	ko	496
나들목	ko	496
초래	ko	495
명문	ko	495
불편	ko	494
운명	ko	494
운반	ko	494
극히	ko	494
수교	ko	494
거짓	ko	493
외교관	ko	493
참모	ko	493
자마자	ko	493
명분	ko	493
무궁화호	ko	493
수컷	ko	493
속성	ko	492
유엔	ko	492
비밀리에	ko	492
시집	ko	492
일관	ko	491
고려대학교	ko	491
지주	ko	491
잦	ko	491
진동	ko	491
부피	ko	491
패키지	ko	491
중구	ko	491
초연	ko	491
시나리오	ko	491
텍스트	ko	490
살펴보	ko	490
전임	ko	490
철저	ko	490
구매	ko	490
캐	ko	489
끊	ko	489
복제	ko	489
하사	ko	489
적자	ko	489
사우스	ko	489
수장	ko	488
린	ko	488
메이	ko	488
아키	ko	488
터지	ko	487
그레고리력	ko	487
번영	ko	487
식사	ko	487
외국어	ko	487
아날로그	ko	487
충성	ko	487
뜨겁	ko	487
순종	ko	487
프로듀서	ko	487
사거리	ko	487
행정부	ko	486
기름	ko	486
착수	ko	486
따뜻	ko	486
태우	ko	486
게재	ko	486
진술	ko	486
목격	ko	486
힐	ko	486
사이드	ko	486
쇼와	ko	485
서울시	ko	485
부위	ko	485
일찍이	ko	485
마르크스	ko	485
시체	ko	485
메탈	ko	485
예언	ko	484
또다시	ko	484
수신	ko	484
적히	ko	484
두려워하	ko	484
포항	ko	484
김정일	ko	484
내주	ko	484
단행본	ko	484
선수권	ko	484
장갑	ko	484
카르타고	ko	484
제갈량	ko	484
섞이	ko	483
말씀	ko	483
좌절	ko	483
토머스	ko	483
물려받	ko	483
루터	ko	483
요미우리	ko	483
세리에	ko	483
전북	ko	482
열강	ko	482
합법	ko	482
시초	ko	482
열대	ko	482
후대	ko	481
광산	ko	481
조국	ko	481
비서	ko	481
전망	ko	481
육지	ko	481
육상	ko	481
도호쿠	ko	481
버지니아	ko	481
정적	ko	481
삼국지	ko	481
촉구	ko	480
날짜	ko	480
수습	ko	480
중점	ko	480
실용	ko	480
조선시대	ko	480
치열	ko	480
용병	ko	480
동등	ko	479
싫어하	ko	479
품질	ko	479
남녀	ko	479
남아메리카	ko	479
이탈	ko	479
대지	ko	479
휴대	ko	478
아마	ko	478
알아내	ko	478
대가	ko	478
자사	ko	478
종래	ko	478
경부선	ko	478
송나라	ko	478
유학생	ko	478
소실	ko	478
연패	ko	478
조별	ko	478
유니폼	ko	478
풀려나	ko	477
대공	ko	477
심의	ko	477
둥글	ko	477
양상	ko	477
횟수	ko	477
노비	ko	477
연구원	ko	477
비전	ko	477
남아프리카	ko	477
쓰러지	ko	476
비싸	ko	476
합작	ko	476
문화방송	ko	475
체험	ko	475
흩어지	ko	475
커피	ko	474
부동산	ko	474
그다지	ko	474
힘입	ko	474
사촌	ko	474
확신	ko	474
아야만	ko	473
고체	ko	473
집정관	ko	473
정치가	ko	472
구제	ko	472
궁궐	ko	472
가득	ko	472
기용	ko	472
이닝	ko	472
대구광역시	ko	471
총선거	ko	471
법령	ko	471
추락	ko	471
다중	ko	471
신전	ko	471
대사관	ko	470
하인리히	ko	470
간단히	ko	470
협박	ko	470
일파	ko	470
윤리	ko	470
토성	ko	470
서원	ko	470
영감	ko	469
환영	ko	469
보험	ko	469
빅	ko	469
교전	ko	469
이완용	ko	469
셋	ko	469
골든	ko	469
억제	ko	469
빌보드	ko	469
착용	ko	468
관객	ko	468
이복	ko	467
성씨	ko	467
섬기	ko	467
웨일스	ko	467
앙리	ko	467
효소	ko	466
얇	ko	466
취재	ko	466
한국철도공사	ko	466
사면	ko	466
저택	ko	466
주재	ko	466
번식	ko	466
어업	ko	466
유해	ko	465
섬유	ko	465
출산	ko	465
진나라	ko	465
날씨	ko	465
내외	ko	465
근접	ko	465
별칭	ko	465
고조	ko	464
언제	ko	464
올바르	ko	464
경과	ko	464
콘스탄티누스	ko	464
지분	ko	463
지부	ko	463
오키나와	ko	463
시작하는	ko	462
남서쪽	ko	462
평원	ko	462
최소한	ko	462
일방	ko	462
교과서	ko	462
왕건	ko	462
연루	ko	461
자산	ko	461
억압	ko	461
금메달	ko	461
동사	ko	461
진단	ko	461
성단	ko	461
미술관	ko	460
지지자	ko	460
화석	ko	460
실권	ko	460
농도	ko	460
음절	ko	460
우지	ko	460
곱	ko	459
하버드	ko	459
동남아시아	ko	459
오가	ko	459
팔레스타인	ko	459
체육	ko	459
말년	ko	459
애칭	ko	459
해전	ko	459
ㄹ까	ko	458
남동쪽	ko	458
고백	ko	458
파이	ko	458
가미	ko	458
고립	ko	458
손가락	ko	458
근교	ko	458
림	ko	458
분기	ko	457
미만	ko	457
청와대	ko	457
든지	ko	457
넓이	ko	457
청사	ko	457
익히	ko	457
축출	ko	457
크로아티아	ko	457
낙선	ko	456
갑작스럽	ko	456
핀	ko	456
선종	ko	456
소행성	ko	456
달력	ko	455
묘소	ko	455
기습	ko	455
혈액	ko	455
득표	ko	454
경성부	ko	454
예배	ko	454
링컨	ko	454
진리	ko	454
체류	ko	454
꽤	ko	454
노론	ko	454
불안정	ko	453
북동쪽	ko	453
옳	ko	453
지수	ko	453
마틴	ko	453
제국주의	ko	453
미루	ko	453
사물	ko	453
연합국	ko	453
야기	ko	452
기하	ko	452
휴전	ko	452
우세	ko	452
관장	ko	452
부서	ko	452
부드럽	ko	452
아이돌	ko	452
격퇴	ko	452
활	ko	452
아니하	ko	451
결코	ko	451
죠	ko	451
반지름	ko	451
상속	ko	451
장택상	ko	451
베토벤	ko	451
직결	ko	451
대부	ko	451
소속사	ko	451
공격수	ko	451
기병대	ko	451
양성자	ko	450
안장	ko	450
어야만	ko	450
아시안	ko	450
즈음	ko	450
과일	ko	449
장제스	ko	449
북위	ko	449
풍자	ko	449
대포	ko	449
일체	ko	449
토너먼트	ko	449
화이트	ko	449
로고	ko	448
생전	ko	448
해설	ko	448
교향악단	ko	448
도스	ko	447
타이거즈	ko	447
지우	ko	446
동독	ko	446
직무	ko	446
만주국	ko	446
글씨	ko	446
통칭	ko	446
사이타마	ko	446
랜드	ko	446
패션	ko	446
오리지널	ko	446
규	ko	445
신념	ko	445
스펙트럼	ko	445
악마	ko	445
현대자동차	ko	445
모바일	ko	445
수군	ko	445
범주	ko	444
유발	ko	444
디젤	ko	444
회화	ko	444
변신	ko	444
시라카와	ko	444
복권	ko	443
생일	ko	443
유저	ko	443
식당	ko	443
똑같	ko	443
광해군	ko	443
경비	ko	443
이단	ko	443
혼동	ko	442
여당	ko	442
갤러리	ko	442
파병	ko	442
인명	ko	442
콜롬비아	ko	442
오카	ko	442
후방	ko	442
균	ko	442
제후	ko	442
독립협회	ko	442
고수	ko	441
날리	ko	441
대두	ko	441
맹	ko	441
동상	ko	441
계단	ko	441
드럼	ko	441
우위	ko	440
학계	ko	440
제작자	ko	440
사업자	ko	440
가구	ko	440
변천	ko	440
장려	ko	440
융합	ko	440
이성계	ko	440
컬러	ko	440
풍속	ko	440
이준용	ko	440
아울러	ko	439
상자	ko	439
핵융합	ko	439
메달	ko	439
공자	ko	439
나혜석	ko	439
후궁	ko	439
입당	ko	438
파티	ko	438
유닉스	ko	438
추세	ko	438
책임자	ko	438
며칠	ko	438
사적	ko	438
대거	ko	438
들리	ko	438
아스	ko	438
선로	ko	438
공화정	ko	438
대수	ko	437
후보자	ko	437
표명	ko	437
왜곡	ko	437
장인	ko	437
자전	ko	437
패전	ko	437
백색	ko	437
삼국사기	ko	437
비스타	ko	437
모방	ko	437
청주	ko	437
점유	ko	436
천하	ko	436
별개	ko	436
통용	ko	436
샌프란시스코	ko	436
관리자	ko	436
중장	ko	436
후사	ko	436
관우	ko	436
말미암	ko	435
적대	ko	435
폭동	ko	435
내정	ko	435
금액	ko	435
챔피언십	ko	435
비평	ko	434
산성	ko	434
단장	ko	434
존속	ko	434
스킬	ko	434
협주곡	ko	434
소니	ko	433
사무실	ko	433
향년	ko	433
콘텐츠	ko	433
먼지	ko	433
일생	ko	433
판타지	ko	433
독립군	ko	433
십자가	ko	433
정교	ko	432
용기	ko	432
물자	ko	432
주의자	ko	432
우에스기	ko	432
연주자	ko	431
곤란	ko	431
껍질	ko	431
양측	ko	431
다툼	ko	431
자회사	ko	431
멸종	ko	431
일족	ko	431
경북	ko	430
제네바	ko	430
쌓이	ko	430
바퀴	ko	430
의의	ko	430
섞	ko	430
장미	ko	430
옵션	ko	430
예능	ko	430
제압	ko	430
추모	ko	429
외치	ko	429
알아보	ko	429
완화	ko	429
말레이시아	ko	429
벤	ko	429
하이	ko	429
대처	ko	429
흥행	ko	429
한신	ko	429
시청자	ko	429
더블	ko	429
께서	ko	429
센다이	ko	429
사인	ko	428
전념	ko	428
기인	ko	428
입성	ko	428
지표	ko	428
묘지	ko	428
오다	ko	428
탐구	ko	427
예방	ko	427
급격	ko	427
통틀	ko	427
급진	ko	427
과제	ko	427
흘리	ko	427
합하	ko	427
플래시	ko	427
꾀하	ko	427
교차로	ko	427
아이디어	ko	427
바이트	ko	427
황해도	ko	427
신비	ko	427
신학자	ko	426
보완	ko	426
이북	ko	426
아메리칸	ko	426
플레이스테이션	ko	426
리드	ko	426
세이부	ko	426
뱀	ko	426
아르메니아	ko	426
꼭	ko	425
개헌	ko	425
텔	ko	425
게임기	ko	425
스페셜	ko	425
해상도	ko	424
부제	ko	424
커뮤니티	ko	424
입각	ko	424
서열	ko	424
수호	ko	424
끌어들이	ko	424
동굴	ko	424
국제선	ko	424
실업	ko	423
타협	ko	423
한민당	ko	423
신도	ko	423
괴물	ko	423
프랭클린	ko	423
부설	ko	423
조류	ko	422
관련자	ko	422
교차	ko	422
감리교	ko	422
숙부	ko	422
소모	ko	422
웨이	ko	422
아마도	ko	422
미분	ko	421
따위	ko	421
정해진	ko	421
개항	ko	421
심리학	ko	421
비유	ko	421
정사	ko	421
라이온즈	ko	421
신학교	ko	421
정세	ko	420
장준하	ko	420
서울대	ko	420
촉	ko	420
예이다	ko	420
삼성전자	ko	420
흙	ko	420
타임	ko	420
국어	ko	420
호응	ko	420
고발	ko	420
눈물	ko	420
부사	ko	420
중량	ko	420
말리	ko	419
쇠	ko	419
육체	ko	419
계절	ko	419
닿	ko	419
필름	ko	419
질환	ko	419
찬	ko	419
황금	ko	419
주오	ko	419
케이크	ko	419
폭넓	ko	418
첩	ko	418
동구	ko	418
한하	ko	418
재즈	ko	417
실시간	ko	417
파문	ko	417
시국	ko	417
후자	ko	417
레닌	ko	417
정밀	ko	417
헌	ko	417
블루	ko	416
국교	ko	416
요원	ko	416
조선공산당	ko	416
동탁	ko	416
염	ko	415
연상	ko	415
유동	ko	415
약물	ko	415
주역	ko	415
무용	ko	415
버튼	ko	414
대안	ko	414
톰	ko	414
라이브러리	ko	414
비상	ko	414
등판	ko	414
협의회	ko	413
방송사	ko	413
노조	ko	413
하부	ko	413
적당	ko	412
셈	ko	412
동반	ko	412
병기	ko	412
조달	ko	412
술탄	ko	412
북아프리카	ko	412
그날	ko	412
구경	ko	412
특집	ko	412
목포	ko	412
카페	ko	411
선거구	ko	411
무릎	ko	411
탈환	ko	411
공인	ko	411
서신	ko	411
착륙	ko	411
복선	ko	411
세월	ko	410
우연히	ko	410
은데	ko	410
왕립	ko	410
마스터	ko	410
골키퍼	ko	410
공채	ko	410
장례식	ko	409
호랑이	ko	409
이범석	ko	409
전작	ko	409
어깨	ko	409
항공모함	ko	409
점프	ko	409
도요토미	ko	409
결	ko	408
질소	ko	408
예술가	ko	408
친하	ko	408
자비	ko	408
비주얼	ko	408
연구자	ko	407
최저	ko	407
우파	ko	407
편곡	ko	407
몽	ko	407
승계	ko	407
그렇지만	ko	407
돼지	ko	407
건축가	ko	407
달아나	ko	407
강희제	ko	407
만남	ko	406
증대	ko	406
정립	ko	406
결혼식	ko	406
표방	ko	406
깨지	ko	406
일반인	ko	406
차기	ko	406
오염	ko	406
연세대학교	ko	406
세속	ko	406
거처	ko	406
기타리스트	ko	406
타점	ko	406
착공	ko	406
불러일으키	ko	405
캐시	ko	405
개장	ko	405
필드	ko	405
레이블	ko	405
승무원	ko	404
구절	ko	404
께	ko	404
핵무기	ko	404
대폭	ko	404
박영효	ko	404
분데스리가	ko	404
군벌	ko	404
사절	ko	403
정렬	ko	403
노벨상	ko	403
포괄	ko	403
실망	ko	403
유체	ko	403
상관	ko	403
사명	ko	403
놀랍	ko	403
입지	ko	403
연승	ko	403
최악	ko	403
영국인	ko	403
제대	ko	402
공립	ko	402
서리	ko	402
손꼽히	ko	402
어울리	ko	402
젊은이	ko	402
스크린도어	ko	402
코미디	ko	402
쫓겨나	ko	402
탱크	ko	402
오나라	ko	402
박사학위	ko	401
소환	ko	401
취지	ko	401
테이프	ko	401
각기	ko	401
소금	ko	401
기재	ko	401
창씨개명	ko	401
전당	ko	401
세례	ko	401
이글스	ko	401
감지	ko	400
거세	ko	400
향후	ko	400
규범	ko	400
갇히	ko	400
환상	ko	400
화살	ko	400
현종	ko	400
타는	ko	400
강사	ko	399
친분	ko	399
진짜	ko	399
호흡	ko	399
원장	ko	399
중순	ko	399
김원봉	ko	399
원고	ko	399
교외	ko	399
구동	ko	399
신주쿠	ko	399
명종	ko	399
부처	ko	398
거론	ko	398
민주노동당	ko	398
집계	ko	398
이슈	ko	398
가열	ko	398
몰래	ko	398
걱정	ko	398
감행	ko	398
루트	ko	398
미스	ko	398
유네스코	ko	398
연산군	ko	398
쾌속	ko	398
인연	ko	397
폭로	ko	397
해명	ko	397
타워	ko	397
돌보	ko	397
장거리	ko	397
해소	ko	397
필립	ko	397
교양	ko	397
넷	ko	397
부착	ko	397
자면	ko	396
독도	ko	396
굵	ko	396
카이	ko	396
스타디움	ko	396
으려	ko	396
구호	ko	396
세균	ko	396
상부	ko	396
위안	ko	396
양자역학	ko	395
견디	ko	395
응시	ko	395
광대	ko	395
축하	ko	395
삼국시대	ko	395
덮	ko	395
근원	ko	395
클라이언트	ko	395
한층	ko	395
우루과이	ko	395
트윈스	ko	395
교원	ko	395
춥	ko	394
구글	ko	394
개업	ko	394
기업인	ko	394
롱	ko	394
어다	ko	394
스튜어트	ko	394
본국	ko	394
이스	ko	394
수비수	ko	394
허목	ko	394
합당	ko	393
브라운	ko	393
뛰어들	ko	393
납	ko	393
박탈	ko	393
소닉	ko	393
천문	ko	392
크림	ko	392
유한	ko	392
신문사	ko	392
야스	ko	392
쇠고기	ko	392
가로지르	ko	392
프레임	ko	392
겉보기	ko	392
세로	ko	392
객차	ko	392
풍경	ko	392
복음	ko	392
수용소	ko	391
희곡	ko	391
분명히	ko	391
태생	ko	391
리투아니아	ko	391
취미	ko	391
총애	ko	391
내보내	ko	391
보스	ko	391
글로벌	ko	391
해병대	ko	391
노인	ko	391
순회	ko	391
트럭	ko	391
덮이	ko	391
제작진	ko	391
발칸	ko	391
일조	ko	391
정무	ko	391
비리	ko	390
평년	ko	390
경사	ko	390
누나	ko	390
세계관	ko	390
낮추	ko	390
의석	ko	390
중앙선	ko	390
관광지	ko	390
오빠	ko	390
요약	ko	389
설화	ko	389
적분	ko	389
애플리케이션	ko	389
짙	ko	389
대행	ko	389
동명	ko	389
아기	ko	389
커널	ko	389
번성	ko	389
저명	ko	389
엑스	ko	389
처녀	ko	389
몰수	ko	389
실체	ko	389
무솔리니	ko	389
재상	ko	389
함	ko	388
레이저	ko	388
구실	ko	388
아키텍처	ko	388
종파	ko	388
사회학	ko	388
디스	ko	388
신익희	ko	388
임관	ko	388
증기	ko	388
역세권	ko	388
비로소	ko	387
정서	ko	387
명제	ko	387
실전	ko	387
기상	ko	387
상금	ko	387
조병옥	ko	387
이마	ko	387
빔	ko	387
효종	ko	387
상대식	ko	387
군사력	ko	386
다지	ko	386
아사히	ko	386
상상	ko	386
생산량	ko	386
마우스	ko	386
그레고리오	ko	386
앓	ko	386
우편	ko	386
군정	ko	385
스토	ko	385
잃어버리	ko	385
배신	ko	385
진지	ko	385
끊임없이	ko	385
크리스마스	ko	385
히브리어	ko	385
두산	ko	385
아웃	ko	385
채권	ko	385
오리콘	ko	385
폐기	ko	384
주말	ko	384
유출	ko	384
기적	ko	384
이남	ko	384
저하	ko	384
ㄴ다며	ko	384
피에르	ko	384
민씨	ko	384
입수	ko	384
본거지	ko	384
평안북도	ko	383
평범	ko	383
마케팅	ko	383
충족	ko	383
근육	ko	383
곰	ko	383
호평	ko	383
연예인	ko	383
구출	ko	382
아트	ko	382
마산	ko	382
지혜	ko	382
주사	ko	382
불화	ko	382
삼각형	ko	381
기고	ko	381
액션	ko	381
발트	ko	381
기금	ko	381
밟	ko	381
사살	ko	381
경선	ko	380
네티즌	ko	380
철회	ko	380
불러오	ko	380
발전소	ko	380
다녀오	ko	380
언	ko	380
프로게이머	ko	380
희생자	ko	380
개종	ko	380
카자흐스탄	ko	379
맥스웰	ko	379
산출	ko	379
비즈니스	ko	379
오차	ko	379
데이	ko	379
관념	ko	379
